ibge,cidade,lojas,lat,lon,populacao,faixa_pop,segmento_porte,territorio,share_vivo_bl,share_vivo_pos,tecnologia_vivo
3509502,CAMPINAS,7,-22.9053,-47.0659,1241137,Acima de 300k,Mercados tradicionais,CENTRAL,0.363532,0.310839,4.5G
3549904,SAO JOSE DOS CAMPOS,4,-23.1896,-45.8841,751961,Acima de 300k,Mercados tradicionais,VALE & LITORAL,0.458703,0.503509,4.5G
3543402,RIBEIRAO PRETO,4,-21.1699,-47.8099,736271,Acima de 300k,Mercados tradicionais,OESTE,0.278794,0.326696,4.5G
3552205,SOROCABA,4,-23.4969,-47.4451,710854,Acima de 300k,Mercados tradicionais,OESTE,0.245838,0.471879,4.5G
3549805,SAO JOSE DO RIO PRETO,4,-20.8113,-49.3758,477202,Acima de 300k,Mercados tradicionais,OESTE,0.36253,0.410645,4.5G
3548500,SANTOS,5,-23.9535,-46.335,434237,Acima de 300k,Mercados tradicionais,VALE & LITORAL,0.345052,0.395836,4.5G
3538709,PIRACICABA,2,-22.7338,-47.6476,415983,Acima de 300k,Mercados tradicionais,CENTRAL,0.310828,0.483662,4.5G
3506003,BAURU,2,-22.3246,-49.0871,386193,Acima de 300k,Mercados tradicionais,OESTE,0.211522,0.507401,4.5G
3551009,SAO VICENTE,2,-23.9574,-46.3883,375492,Acima de 300k,Mercados tradicionais,VALE & LITORAL,0.270372,0.413172,4.5G
3516200,FRANCA,1,-20.5352,-47.4039,363521,Acima de 300k,Mercados tradicionais,OESTE,0.092143,0.116689,4G
3541000,PRAIA GRANDE,3,-24.0084,-46.4121,347620,Acima de 300k,Mercados tradicionais,VALE & LITORAL,0.399294,0.508796,4.5G
3518701,GUARUJA,2,-23.9888,-46.258,329155,Acima de 300k,Mercados tradicionais,VALE & LITORAL,0.273765,0.435495,4.5G
3554102,TAUBATE,2,-23.0104,-45.5593,326394,Acima de 300k,Mercados tradicionais,VALE & LITORAL,0.325664,0.392931,4.5G
3526902,LIMEIRA,3,-22.566,-47.397,315129,Acima de 300k,Mercados tradicionais,CENTRAL,0.216493,0.392837,4.5G
3552403,SUMARE,1,-22.8204,-47.2728,297054,De 100k a 299k,Mercados tradicionais,CENTRAL,0.298768,0.360306,4.5G
3520509,INDAIATUBA,3,-23.0816,-47.2101,269596,De 100k a 299k,Mercados tradicionais,CENTRAL,0.417469,0.412234,4.5G
3548906,SAO CARLOS,2,-22.0174,-47.886,261591,De 100k a 299k,Mercados tradicionais,OESTE,0.31171,0.457695,4.5G
3501608,AMERICANA,1,-22.7374,-47.3331,248901,De 100k a 299k,Mercados tradicionais,CENTRAL,0.330276,0.319029,4.5G
3529005,MARILIA,3,-22.2171,-49.9501,245361,De 100k a 299k,Mercados em desenvolvimento,NOROESTE,0.303345,0.726977,4.5G
3503208,ARARAQUARA,4,-21.7845,-48.178,244769,De 100k a 299k,Mercados tradicionais,OESTE,0.320763,0.678073,4.5G
3519071,HORTOLANDIA,1,-22.8529,-47.2143,244095,De 100k a 299k,Mercados tradicionais,CENTRAL,0.313797,0.325037,4.5G
3524402,JACAREI,2,-23.2983,-45.9658,240327,De 100k a 299k,Mercados tradicionais,VALE & LITORAL,0.416254,0.478058,4.5G
3541406,PRESIDENTE PRUDENTE,2,-22.1207,-51.3925,234920,De 100k a 299k,Mercados em desenvolvimento,NOROESTE,0.255813,0.677967,4.5G
3543907,RIO CLARO,2,-22.3984,-47.5546,212456,De 100k a 299k,Mercados tradicionais,CENTRAL,0.252412,0.641085,4.5G
3502804,ARACATUBA,2,-21.2076,-50.4401,201194,De 100k a 299k,Mercados em desenvolvimento,NOROESTE,0.293557,0.570077,4.5G
3545803,SANTA BARBARA D'OESTE,2,-22.7553,-47.4143,196874,De 100k a 299k,Mercados tradicionais,CENTRAL,0.263189,0.304741,4.5G
3538006,PINDAMONHANGABA,2,-22.9246,-45.4613,175275,De 100k a 299k,Mercados em desenvolvimento,SUDESTE,0.189552,0.303417,4.5G
3522307,ITAPETININGA,2,-23.5886,-48.0483,170145,De 100k a 299k,Mercados em desenvolvimento,SUDESTE,0.385045,0.702386,4.5G
3525300,JAU,2,-22.2936,-48.5592,156523,De 100k a 299k,Mercados tradicionais,OESTE,0.266729,0.56591,4.5G
3530706,MOGI GUACU,3,-22.3675,-46.9428,156243,De 100k a 299k,Mercados tradicionais,CENTRAL,0.289563,0.622277,4.5G
3507506,BOTUCATU,2,-22.8837,-48.4437,152797,De 100k a 299k,Mercados em desenvolvimento,SUDESTE,0.229419,0.712471,4.5G
3503307,ARARAS,1,-22.3572,-47.3842,139103,De 100k a 299k,Mercados tradicionais,CENTRAL,0.156788,0.576462,4.5G
3556206,VALINHOS,1,-22.9698,-46.9974,137041,De 100k a 299k,Mercados tradicionais,CENTRAL,0.470354,0.396881,4.5G
3513504,CUBATAO,1,-23.8911,-46.424,134198,De 100k a 299k,Mercados tradicionais,VALE & LITORAL,0.139901,0.396846,4.5G
3551702,SERTAOZINHO,1,-21.1316,-47.9875,130924,De 100k a 299k,Mercados tradicionais,OESTE,0.221611,0.242402,4.5G
3510500,CARAGUATATUBA,2,-23.6125,-45.4125,128757,De 100k a 299k,Mercados tradicionais,VALE & LITORAL,0.15072,0.437702,4.5G
3506508,BIRIGUI,1,-21.291,-50.3432,128426,De 100k a 299k,Mercados em desenvolvimento,NOROESTE,0.142992,0.692605,4.5G
3554003,TATUI,1,-23.3487,-47.8461,126378,De 100k a 299k,Mercados em desenvolvimento,SUDESTE,0.111319,0.649714,4.5G
3557006,VOTORANTIM,2,-23.5446,-47.4388,126102,De 100k a 299k,Mercados tradicionais,OESTE,0.222886,0.58976,4.5G
3505500,BARRETOS,2,-20.5531,-48.5698,124862,De 100k a 299k,Mercados em desenvolvimento,NOROESTE,0.068874,0.233056,4.5G
3518404,GUARATINGUETA,1,-22.8075,-45.1938,124455,De 100k a 299k,Mercados em desenvolvimento,SUDESTE,0.254017,0.423227,4.5G
3511102,CATANDUVA,2,-21.1314,-48.977,124235,De 100k a 299k,Mercados em desenvolvimento,NOROESTE,0.213668,0.567217,4.5G
3536505,PAULINIA,1,-22.7542,-47.1488,119572,De 100k a 299k,Mercados tradicionais,CENTRAL,0.364138,0.416054,4.5G
3534708,OURINHOS,3,-22.9797,-49.8697,116615,De 100k a 299k,Mercados em desenvolvimento,NOROESTE,0.197515,0.799331,4.5G
3526704,LEME,1,-22.1809,-47.3841,107047,De 100k a 299k,Mercados em desenvolvimento,SUDESTE,0.117543,0.575409,4.5G
3504008,ASSIS,1,-22.66,-50.4183,107038,De 100k a 299k,-,-,0.384673,0.913487,4.5G
3522109,ITANHAEM,1,-24.1736,-46.788,106789,De 100k a 299k,Mercados tradicionais,VALE & LITORAL,0.046119,0.593742,4.5G
3557105,VOTUPORANGA,2,-20.4237,-49.9781,97565,De 50k a 99k,Mercados em desenvolvimento,NOROESTE,0.19536,0.658182,4.5G
3508504,CACAPAVA,1,-23.0992,-45.7076,97142,De 50k a 99k,Mercados tradicionais,VALE & LITORAL,0.271195,0.573977,4.5G
3522406,ITAPEVA,1,-23.9788,-48.8764,96027,De 50k a 99k,Mercados em desenvolvimento,SUDESTE,0.160328,0.880516,4.5G
3530805,MOGI MIRIM,1,-22.4332,-46.9532,94908,De 50k a 99k,Mercados tradicionais,CENTRAL,0.283243,0.544256,4.5G
3555406,UBATUBA,1,-23.4332,-45.0834,94749,De 50k a 99k,Mercados tradicionais,VALE & LITORAL,0.106519,0.554219,4.5G
3550704,SAO SEBASTIAO,1,-23.7951,-45.4143,94219,De 50k a 99k,Mercados tradicionais,VALE & LITORAL,0.214105,0.522629,4.5G
3549102,SAO JOAO DA BOA VISTA,1,-21.9707,-46.7944,93321,De 50k a 99k,Mercados em desenvolvimento,SUDESTE,0.287084,0.393916,4.5G
3504503,AVARE,1,-23.1067,-48.9251,92830,De 50k a 99k,Mercados em desenvolvimento,SUDESTE,0.163098,0.755668,4.5G
3527207,LORENA,1,-22.7334,-45.1197,90264,De 50k a 99k,Mercados em desenvolvimento,SUDESTE,0.110385,0.365329,4.5G
3529302,MATAO,1,-21.6025,-48.364,84879,De 50k a 99k,Mercados em desenvolvimento,NOROESTE,0.196981,0.690824,4.5G
3556701,VINHEDO,1,-23.0302,-46.9833,84318,De 50k a 99k,Mercados tradicionais,CENTRAL,0.52364,0.477347,4.5G
3513405,CRUZEIRO,1,-22.5728,-44.969,83464,De 50k a 99k,Mercados em desenvolvimento,SUDESTE,0.226645,0.300427,4G
3519709,IBIUNA,1,-23.6596,-47.223,81161,De 50k a 99k,Mercados em desenvolvimento,SUDESTE,0.032041,0.899162,4.5G
3527108,LINS,1,-21.6718,-49.7526,79860,De 50k a 99k,Mercados em desenvolvimento,NOROESTE,0.151082,0.678521,4.5G
3524303,JABOTICABAL,1,-21.252,-48.3252,78713,De 50k a 99k,Mercados em desenvolvimento,NOROESTE,0.226515,0.686545,4.5G
3539301,PIRASSUNUNGA,1,-21.996,-47.4257,78168,De 50k a 99k,Mercados em desenvolvimento,SUDESTE,0.163096,0.618788,4.5G
3506102,BEBEDOURO,1,-20.9491,-48.4791,77650,De 50k a 99k,Mercados em desenvolvimento,NOROESTE,0.083912,0.261776,4G
3512803,COSMOPOLIS,1,-22.6419,-47.1926,77021,De 50k a 99k,Mercados tradicionais,CENTRAL,0.287449,0.439323,4.5G
3522604,ITAPIRA,1,-22.4357,-46.8224,76515,De 50k a 99k,Mercados em desenvolvimento,SUDESTE,0.174964,0.462124,4.5G
3501905,AMPARO,1,-22.7088,-46.772,74017,De 50k a 99k,Mercados em desenvolvimento,SUDESTE,0.14738,0.724751,4.5G
3537602,PERUIBE,1,-24.312,-47.0012,71042,De 50k a 99k,Mercados tradicionais,VALE & LITORAL,0.092041,0.635362,4.5G
3526803,LENCOIS PAULISTA,1,-22.6027,-48.8037,70563,De 50k a 99k,Mercados em desenvolvimento,SUDESTE,0.22613,0.812658,4.5G
3515509,FERNANDOPOLIS,1,-20.2806,-50.2471,70171,De 50k a 99k,Mercados em desenvolvimento,NOROESTE,0.150194,0.719385,4.5G
3530508,MOCOCA,1,-21.4647,-47.0024,69189,De 50k a 99k,Mercados em desenvolvimento,SUDESTE,0.096883,0.242883,4.5G
3555000,TUPA,1,-21.9335,-50.5191,65641,De 50k a 99k,-,-,0.215463,0.895801,4.5G
3507001,BOITUVA,1,-23.2855,-47.6786,65589,De 50k a 99k,Mercados em desenvolvimento,SUDESTE,0.144624,0.568587,4.5G
3537305,PENAPOLIS,1,-21.4148,-50.0769,64722,De 50k a 99k,Mercados em desenvolvimento,NOROESTE,0.150926,0.551015,4.5G
3531803,MONTE MOR,1,-22.945,-47.3122,63597,De 50k a 99k,Mercados tradicionais,CENTRAL,0.013097,0.245026,4G
3533403,NOVA ODESSA,1,-22.7832,-47.2941,63202,De 50k a 99k,Mercados tradicionais,CENTRAL,0.241052,0.27196,4.5G
3524709,JAGUARIUNA,1,-22.7037,-46.9851,62330,De 50k a 99k,Mercados tradicionais,CENTRAL,0.238731,0.440644,4.5G
3519600,IBITINGA,1,-21.7562,-48.8319,62204,De 50k a 99k,-,-,0.012527,0.660088,4.5G
3530300,MIRASSOL,1,-20.8169,-49.5206,61648,De 50k a 99k,Mercados tradicionais,OESTE,0.068594,0.423727,4.5G
3531100,MONGAGUA,1,-24.0809,-46.6265,60391,De 50k a 99k,Mercados tradicionais,VALE & LITORAL,0.00649,0.406464,4.5G
3510401,CAPIVARI,1,-22.9951,-47.5071,58124,De 50k a 99k,Mercados tradicionais,CENTRAL,0.145898,0.244578,4G
3503802,ARTUR NOGUEIRA,1,-22.5727,-47.1727,58051,De 50k a 99k,Mercados tradicionais,CENTRAL,0.122449,0.506567,4.5G
3553708,TAQUARITINGA,1,-21.4049,-48.5103,57860,De 50k a 99k,-,-,0.01859,0.711376,4.5G
3540705,PORTO FERREIRA,1,-21.8498,-47.487,57487,De 50k a 99k,Mercados em desenvolvimento,SUDESTE,0.015127,0.502619,4.5G
3502101,ANDRADINA,1,-20.8948,-51.3786,57276,De 50k a 99k,Mercados em desenvolvimento,NOROESTE,0.071881,0.698052,4.5G
3542602,REGISTRO,1,-24.4979,-47.8449,56548,De 50k a 99k,Mercados em desenvolvimento,SUDESTE,0.078958,0.832147,4.5G
3533908,OLIMPIA,1,-20.7366,-48.9106,56122,De 50k a 99k,Mercados em desenvolvimento,NOROESTE,0.240549,0.606735,4.5G
3537800,PIEDADE,1,-23.7139,-47.4256,56057,De 50k a 99k,Mercados em desenvolvimento,SUDESTE,0.020075,0.825002,4.5G
3549706,SAO JOSE DO RIO PARDO,1,-21.5953,-46.8873,55593,De 50k a 99k,Mercados em desenvolvimento,SUDESTE,0.249535,0.408356,4.5G
3540606,PORTO FELIZ,1,-23.2093,-47.5251,54243,De 50k a 99k,Mercados tradicionais,OESTE,0.380131,0.58602,4.5G
3509700,CAMPOS DO JORDAO,1,-22.7296,-45.5833,53283,De 50k a 99k,Mercados em desenvolvimento,SUDESTE,0.373366,0.745268,4.5G
3511508,CERQUILHO,1,-23.1665,-47.7459,52281,De 50k a 99k,Mercados em desenvolvimento,SUDESTE,0.009895,0.694927,4.5G
3531308,MONTE ALTO,1,-21.2655,-48.4971,51527,De 50k a 99k,Mercados em desenvolvimento,NOROESTE,0.021559,0.598613,4.5G
3523206,ITARARE,1,-24.1085,-49.3352,51001,De 50k a 99k,-,-,0.031543,0.683543,4.5G
3537107,PEDREIRA,1,-22.7413,-46.8948,50018,De 50k a 99k,Mercados em desenvolvimento,SUDESTE,0.100859,0.76955,4.5G
3524808,JALES,1,-20.2672,-50.5494,49422,De 30k a 49k,Mercados em desenvolvimento,NOROESTE,0.228395,0.871905,4.5G
3546405,SANTA CRUZ DO RIO PARDO,1,-22.8988,-49.6354,48692,De 30k a 49k,Mercados em desenvolvimento,NOROESTE,0.138696,0.890593,4.5G
3536703,PEDERNEIRAS,1,-22.3511,-48.7781,48312,De 30k a 49k,-,-,0.13142,0.700102,4.5G
3514403,DRACENA,1,-21.4843,-51.535,47732,De 30k a 49k,Mercados em desenvolvimento,NOROESTE,0.134145,0.833807,4.5G
3545308,SALTO DE PIRAPORA,1,-23.6474,-47.5743,47101,De 30k a 49k,-,-,0.008654,0.822969,4.5G
3510203,CAPAO BONITO,1,-24.0113,-48.3482,47012,De 30k a 49k,-,-,0.047251,0.94962,4.5G
3535507,PARAGUACU PAULISTA,1,-22.4114,-50.5732,46607,De 30k a 49k,-,-,0.362249,0.950413,4.5G
3541307,PRESIDENTE EPITACIO,2,-21.7651,-52.1111,44898,De 30k a 49k,-,-,0.014255,0.718534,4.5G
3515186,ESPIRITO SANTO DO PINHAL,1,-22.1909,-46.7477,44836,De 30k a 49k,Mercados em desenvolvimento,SUDESTE,0.169753,0.37594,4.5G
3516705,GARCA,1,-22.2125,-49.6546,44426,De 30k a 49k,Mercados em desenvolvimento,NOROESTE,0.123919,0.54882,4.5G
3522703,ITAPOLIS,1,-21.5942,-48.8149,43906,De 30k a 49k,-,-,0.377755,0.952027,4.5G
3554508,TIETE,1,-23.1101,-47.7164,43773,De 30k a 49k,Mercados tradicionais,OESTE,0.179688,0.618117,4.5G
3501707,AMERICO BRASILIENSE,1,-21.7288,-48.1147,42549,De 30k a 49k,Mercados tradicionais,OESTE,0.170991,0.730542,4.5G
3533502,NOVO HORIZONTE,1,-21.4651,-49.2234,42436,De 30k a 49k,-,-,0.012528,0.605355,4.5G
3552106,SOCORRO,1,-22.5903,-46.5251,42335,De 30k a 49k,-,-,0.121405,0.79079,4.5G
3518602,GUARIBA,1,-21.3594,-48.2316,41566,De 30k a 49k,-,-,0.036397,0.781876,4.5G
3541505,PRESIDENTE VENCESLAU,2,-21.8732,-51.8447,39739,De 30k a 49k,-,-,0.027117,0.512157,4.5G
3525706,JOSE BONIFACIO,1,-21.0551,-49.6892,38361,De 30k a 49k,Mercados em desenvolvimento,NOROESTE,0.009829,0.542864,4.5G
3500709,AGUDOS,1,-22.4694,-48.9863,37910,De 30k a 49k,Mercados em desenvolvimento,SUDESTE,0.011094,0.534907,4.5G
3500303,AGUAI,1,-22.0572,-46.9735,37619,De 30k a 49k,-,-,0.030141,0.288112,4G
3544004,RIO DAS PEDRAS,1,-22.8417,-47.6047,37208,De 30k a 49k,-,-,0.023334,0.613701,4.5G
3502903,ARACOIABA DA SERRA,1,-23.5029,-47.6166,36612,De 30k a 49k,-,-,0.214732,0.821624,4.5G
3519303,IBATE,1,-21.9584,-47.9882,36521,De 30k a 49k,Mercados em desenvolvimento,NOROESTE,0.014856,0.470342,4.5G
3505203,BARIRI,1,-22.073,-48.7438,36386,De 30k a 49k,-,-,0.017924,0.401469,4.5G
3505302,BARRA BONITA,1,-22.4909,-48.5583,36087,De 30k a 49k,-,-,0.262162,0.659221,4.5G
3500105,ADAMANTINA,1,-21.682,-51.0737,35203,De 30k a 49k,Mercados em desenvolvimento,NOROESTE,0.139276,0.913037,4.5G
3513702,DESCALVADO,1,-21.9002,-47.6181,34440,De 30k a 49k,Mercados em desenvolvimento,SUDESTE,0.195216,0.438681,4.5G
3518206,GUARARAPES,1,-21.2544,-50.6453,33541,De 30k a 49k,Mercados em desenvolvimento,NOROESTE,0.205586,0.48651,4.5G
3534609,OSVALDO CRUZ,1,-21.7968,-50.8793,33321,De 30k a 49k,-,-,0.168288,0.807923,4.5G
3546603,SANTA FE DO SUL,1,-20.2083,-50.932,33235,De 30k a 49k,-,-,0.038163,0.688377,4.5G
3550209,SAO MIGUEL ARCANJO,1,-23.8782,-47.9935,33176,De 30k a 49k,-,-,0.048837,0.94569,4.5G
3510005,CANDIDO MOTA,1,-22.7471,-50.3873,31507,De 30k a 49k,-,-,0.018112,0.942554,4.5G
3551603,SERRA NEGRA,1,-22.6139,-46.7033,30078,De 30k a 49k,Mercados em desenvolvimento,SUDESTE,0.028365,0.794118,4.5G
3538808,PIRAJU,1,-23.1981,-49.3803,30022,De 30k a 49k,-,-,0.02399,0.915162,4.5G
3537909,PILAR DO SUL,1,-23.8077,-47.7222,30005,De 30k a 49k,-,-,0.050459,0.868379,4.5G
3542206,RANCHARIA,1,-22.2269,-50.893,29747,Até 29K,-,-,0.042299,0.952532,4.5G
3526407,LARANJAL PAULISTA,1,-23.0506,-47.8375,29549,Até 29K,Mercados em desenvolvimento,SUDESTE,0.015888,0.786683,4.5G
3539202,PIRAPOZINHO,1,-22.2711,-51.4976,28392,Até 29K,-,-,0.027703,0.864149,4.5G
3521804,ITAI,1,-23.4213,-49.092,28111,Até 29K,-,-,0.012974,0.889553,4.5G
3529203,MARTINOPOLIS,1,-22.1462,-51.1709,27093,Até 29K,-,-,0.017471,0.944838,4.5G
3520442,ILHA SOLTEIRA,2,-20.4326,-51.3426,27055,Até 29K,-,-,0.029036,0.677048,4.5G
3502200,ANGATUBA,1,-23.4917,-48.4139,26195,Até 29K,-,-,0.011069,0.761053,4.5G
3531407,MONTE APRAZIVEL,1,-20.768,-49.7184,26191,Até 29K,-,-,0.040078,0.47699,4.5G
3537404,PEREIRA BARRETO,1,-20.6368,-51.1123,25676,Até 29K,-,-,0.240808,0.198862,4.5G
3507902,BROTAS,1,-22.2795,-48.1251,25296,Até 29K,-,-,0.017772,0.486619,4.5G
3501301,ALVARES MACHADO,1,-22.0764,-51.4722,25214,Até 29K,Mercados em desenvolvimento,NOROESTE,0.017374,0.711981,4G
3554300,TEODORO SAMPAIO,2,-22.5299,-52.1682,23618,Até 29K,-,-,0.014052,0.606753,4.5G
3553807,TAQUARITUBA,1,-23.5307,-49.241,23342,Até 29K,-,-,0.014879,0.925848,4.5G
3540002,POMPEIA,1,-22.107,-50.176,22615,Até 29K,-,-,0.005306,0.910454,4.5G
3533007,NOVA GRANADA,1,-20.5321,-49.3123,22219,Até 29K,-,-,0.024306,0.354969,4G
3511409,CERQUEIRA CESAR,1,-23.038,-49.1655,20776,Até 29K,-,-,0.017538,0.885176,4.5G
3508009,BURI,1,-23.7977,-48.5958,20201,Até 29K,-,-,0.019715,0.943844,4.5G
3530201,MIRANTE DO PARANAPANEMA,2,-22.2904,-51.9084,18551,Até 29K,-,-,0.029116,0.870585,4.5G
3552700,TABATINGA,1,-21.7239,-48.6896,17060,Até 29K,-,-,0.016282,0.776511,4.5G
3507407,BORBOREMA,1,-21.6214,-49.0741,16493,Até 29K,-,-,0.017359,0.965134,4.5G
3535408,PANORAMA,2,-21.354,-51.8562,16093,Até 29K,-,-,0.020661,0.434809,4G
3555109,TUPI PAULISTA,1,-21.3825,-51.575,15829,Até 29K,-,-,0.021443,0.752444,4.5G
3521903,ITAJOBI,1,-21.3123,-49.0629,15384,Até 29K,-,-,0.018448,0.887321,4.5G
3539004,PIRANGI,1,-21.0886,-48.6607,11618,Até 29K,-,-,0.008577,0.818778,4.5G
