ibge,cidade,populacao,faixa_pop,segmento_porte,lat,lon,lojas,lojas_rua,lojas_shopping,m2_medio,m2_min,m2_max,conceitos,produtividade_mix,grupos_mix,lojas_resumo,lojas_detalhes,lojas_produtivas,abre_sabado_qtd,abre_domingo_qtd,fim_semana_mix,tipo_cabo,territorio,filial_principal,gn_principal,share_claro,share_claro_bl,share_claro_pos,share_vivo_bl,share_vivo_pos,tecnologia_claro,tecnologia_vivo,base_claro,base_desktop,senhas_emitidas,senhas_atendidas,senhas_canceladas,senhas_suspeitas,fluxo_atendimentos,fluxo_por_loja,taxa_suspeita,anchor_pdv,anchor_grupo,anchor_localidade,anchor_m2,anchor_conceito,anchor_produtividade,anchor_fim_semana,anchor_horario_semana,anchor_horario_sabado,anchor_horario_domingo
3500303,AGUAI,37619,De 30k a 49k,-,-22.0572,-46.9735,1,1,0,35.0,35.0,35.0,C16 (1),PRODUTIVA (1),FLEX CELL (1),4C7D - FLEX CELL,4C7D - FLEX CELL - C16 - 35.0 m2 - RUA,1,1,0,Somente sabado (1),NAO CABO,Central,HELBER EMILIANO ZAROS,FREDERICO CARNEIRO SANTIAGO,0.002983,0.002983,0.656049,0.030141,0.288112,4.5G,4G,0.0,849.0,410.0,407.0,3.0,291.0,,,0.714988,4C7D,FLEX CELL,RUA,35.0,C16,PRODUTIVA,Somente sabado,09:00 as 18:00,09:00 as 13:00,FECHADO
3501608,AMERICANA,248901,De 100k a 299k,Mercados tradicionais,-22.7374,-47.3331,4,3,1,34.9,28.0,40.0,C16 (4),"PRODUTIVA (3), IMPRODUTIVA (1)","CELLULAR.COM (2), FLEX CELL (1), DOM BARRETO (1)",D96E - FLEX CELL; J4D7 - DOM BARRETO; WEZI - CELLULAR.COM; FOXW - CELLULAR.COM,D96E - FLEX CELL - C16 - 40.0 m2 - RUA; J4D7 - DOM BARRETO - C16 - 38.6 m2 - RUA; WEZI - CELLULAR.COM - C16 - 28.0 m2 - RUA; FOXW - CELLULAR.COM - C16 - 32.9 m2 - SHOPPING,3,4,1,"Somente sabado (3), Sabado e domingo (1)",CABO,Central,HELBER EMILIANO ZAROS,VIVIAN GABRIELA SOARES MARTINS TOSTES,0.417361,0.417361,0.522211,0.330276,0.319029,4.5G,4.5G,44035.33,19141.0,598.0,571.0,27.0,446.0,741.0,185.2,0.781086,D96E,FLEX CELL,RUA,40.0,C16,PRODUTIVA,Somente sabado,09:00 as 18:00,09:00 as 14:00,FECHADO
3501905,AMPARO,74017,De 50k a 99k,Mercados em desenvolvimento,-22.7088,-46.772,1,1,0,23.8,23.8,23.8,C11 (1),PRODUTIVA (1),FLEX CELL (1),2VB3 - FLEX CELL,2VB3 - FLEX CELL - C11 - 23.8 m2 - RUA,1,1,0,Somente sabado (1),CABO,Sudeste,HELBER EMILIANO ZAROS,RAFAEL MICHELINI MENONCELLO,0.252979,0.252979,0.225669,0.14738,0.724751,4.5G,4.5G,6416.33,8580.0,71.0,65.0,6.0,1.0,,,0.015385,2VB3,FLEX CELL,RUA,23.8,C11,PRODUTIVA,Somente sabado,09:00 as 18:00,09:00 as 13:00,FECHADO
3502101,ANDRADINA,57276,De 50k a 99k,Mercados em desenvolvimento,-20.8948,-51.3786,1,1,0,30.0,30.0,30.0,C16 (1),PRODUTIVA (1),PRIME (1),I1CQ - PRIME,I1CQ - PRIME - C16 - 30.0 m2 - RUA,1,1,0,Somente sabado (1),CABO,Noroeste,VIVIANE TANGARI LEMOS PONTES,VANIA DIAS MALAMAN,0.155699,0.155699,0.178583,0.071881,0.698052,4.5G,4.5G,2687.0,,204.0,192.0,12.0,161.0,207.0,207.0,0.838542,I1CQ,PRIME,RUA,30.0,C16,PRODUTIVA,Somente sabado,09:00 as 18:00,09:00 as 13:00,FECHADO
3502804,ARACATUBA,201194,De 100k a 299k,Mercados em desenvolvimento,-21.2076,-50.4401,1,0,1,30.0,30.0,30.0,C11 (1),PRODUTIVA (1),HS TELECOM (1),PG8A - HS TELECOM,PG8A - HS TELECOM - C11 - 30.0 m2 - SHOPPING,1,1,1,Sabado e domingo (1),CABO,Noroeste,VIVIANE TANGARI LEMOS PONTES,NILTON JUNIOR FRANCISCO,0.343748,0.343748,0.288449,0.293557,0.570077,4.5G,4.5G,28910.33,,91.0,91.0,0.0,65.0,271.0,271.0,0.714286,PG8A,HS TELECOM,SHOPPING,30.0,C11,PRODUTIVA,Sabado e domingo,10:00 as 22:00,10:00 as 22:00,14:00 as 20:00
3503208,ARARAQUARA,244769,De 100k a 299k,Mercados tradicionais,-21.7845,-48.178,2,1,1,63.3,36.0,90.6,C16 (2),PRODUTIVA (2),HS TELECOM (2),PT0E - HS TELECOM; PG9B - HS TELECOM,PT0E - HS TELECOM - C16 - 90.6 m2 - RUA; PG9B - HS TELECOM - C16 - 36.0 m2 - SHOPPING,2,2,1,"Somente sabado (1), Sabado e domingo (1)",CABO,Oeste,EDUARDO ALVES DE QUEIROZ,MARISTELA CAPARROZ DE LIRA SILVA,0.273633,0.273633,0.233848,0.320763,0.678073,4.5G,4.5G,29608.67,30344.0,2817.0,2374.0,443.0,2201.0,1158.0,579.0,0.927127,PT0E,HS TELECOM,RUA,90.6,C16,PRODUTIVA,Somente sabado,09:00 as 18:00,09:00 as 13:00,FECHADO
3503307,ARARAS,139103,De 100k a 299k,Mercados tradicionais,-22.3572,-47.3842,1,1,0,48.0,48.0,48.0,C11 (1),PRODUTIVA (1),FLEX CELL (1),69IK - FLEX CELL,69IK - FLEX CELL - C11 - 48.0 m2 - RUA,1,1,0,Somente sabado (1),CABO,Central,HELBER EMILIANO ZAROS,FREDERICO CARNEIRO SANTIAGO,0.211971,0.211971,0.345358,0.156788,0.576462,4.5G,4.5G,11880.33,5391.0,1813.0,1782.0,31.0,292.0,,,0.163861,69IK,FLEX CELL,RUA,48.0,C11,PRODUTIVA,Somente sabado,09:00 as 18:00,09:00 as 13:00,FECHADO
3503802,ARTUR NOGUEIRA,58051,De 50k a 99k,Mercados tradicionais,-22.5727,-47.1727,1,1,0,50.0,50.0,50.0,C11 (1),PRODUTIVA (1),HS TELECOM (1),1QS6 - HS TELECOM,1QS6 - HS TELECOM - C11 - 50.0 m2 - RUA,1,1,0,Somente sabado (1),CABO,Central,HELBER EMILIANO ZAROS,RAFAEL MICHELINI MENONCELLO,0.12596,0.12596,0.443324,0.122449,0.506567,4.5G,4.5G,2104.0,1308.0,804.0,782.0,22.0,679.0,294.0,294.0,0.868286,1QS6,HS TELECOM,RUA,50.0,C11,PRODUTIVA,Somente sabado,09:00 AS 18:00,09:00 as 13:00,FECHADO
3504206,AURIFLAMA,15427,Até 29K,-,-20.6836,-50.5572,1,1,0,30.0,30.0,30.0,C16 (1),PRODUTIVA (1),MA CELULARES (1),P5L1 - MA CELULARES,P5L1 - MA CELULARES - C16 - 30.0 m2 - RUA,1,1,0,Somente sabado (1),NAO CABO,Oeste,VIVIANE TANGARI LEMOS PONTES,ANA CLINIO DA SILVA,0.01487,0.01487,0.698356,0.14684,0.257605,4.5G,4G,0.0,,1038.0,987.0,51.0,478.0,155.0,155.0,0.484296,P5L1,MA CELULARES,RUA,30.0,C16,PRODUTIVA,Somente sabado,09:00 as 18:00,09:00 as 13:00,FECHADO
3504503,AVARE,92830,De 50k a 99k,Mercados em desenvolvimento,-23.1067,-48.9251,1,1,0,29.0,29.0,29.0,C16 (1),PRODUTIVA (1),DOUGLAS (1),2DM4 - DOUGLAS,2DM4 - DOUGLAS - C16 - 29.0 m2 - RUA,1,1,0,Somente sabado (1),CABO,Sudeste,VIVIANE TANGARI LEMOS PONTES,JOAO PAULO VENDRAMINI,0.074637,0.074637,0.206648,0.163098,0.755668,4.5G,4.5G,2584.67,10701.0,325.0,318.0,7.0,134.0,9.0,9.0,0.421384,2DM4,DOUGLAS,RUA,29.0,C16,PRODUTIVA,Somente sabado,09:00 as 18:00,09:00 as 13:00,FECHADO
3505203,BARIRI,36386,De 30k a 49k,-,-22.073,-48.7438,1,1,0,25.0,25.0,25.0,C16 (1),PRODUTIVA (1),TESSAROLI (1),MRKD - TESSAROLI,MRKD - TESSAROLI - C16 - 25.0 m2 - RUA,1,1,0,Somente sabado (1),NAO CABO,Oeste,VIVIANE TANGARI LEMOS PONTES,VG GN VT,0.00072,0.00072,0.377483,0.017924,0.401469,4.5G,4.5G,0.0,,4.0,4.0,0.0,4.0,,,1.0,MRKD,TESSAROLI,RUA,25.0,C16,PRODUTIVA,Somente sabado,09:00 as 18:00,09:00 as 13:00,FECHADO
3505500,BARRETOS,124862,De 100k a 299k,Mercados em desenvolvimento,-20.5531,-48.5698,2,1,1,47.1,26.3,68.0,C16 (2),PRODUTIVA (2),HS TELECOM (2),PT2E - HS TELECOM; DV7G - HS TELECOM,PT2E - HS TELECOM - C16 - 68.0 m2 - RUA; DV7G - HS TELECOM - C16 - 26.3 m2 - SHOPPING,2,2,1,"Somente sabado (1), Sabado e domingo (1)",CABO,Noroeste,VIVIANE TANGARI LEMOS PONTES,VITOR FERNANDO FARIA SARAVALLI,0.103095,0.103095,0.446427,0.068874,0.233056,4.5G,4.5G,4370.0,29161.0,360.0,360.0,0.0,328.0,810.0,405.0,0.911111,PT2E,HS TELECOM,RUA,68.0,C16,PRODUTIVA,Somente sabado,09:00 as 18:00,09:00 as 13:00,FECHADO
3505609,BARRINHA,34230,De 30k a 49k,Mercados em desenvolvimento,-21.1864,-48.1636,1,1,0,30.4,30.4,30.4,C16 (1),SEM AVALIACAO (1),HS TELECOM (1),XPTO1578 - HS TELECOM,XPTO1578 - HS TELECOM - C16 - 30.4 m2 - RUA,0,1,0,Somente sabado (1),CABO,Oeste,EDUARDO ALVES DE QUEIROZ,RODRIGO PROSPERO FERREIRA DA SILVA,0.338625,0.338625,0.738255,0.007525,0.175852,4.5G,4G,3599.67,,,,,,,,,XPTO1578,HS TELECOM,RUA,30.4,C16,SEM AVALIACAO,Somente sabado,09:00 as 18:00,09:00 as 13:00,FECHADO
3505906,BATATAIS,64301,De 50k a 99k,Mercados em desenvolvimento,-20.8929,-47.5921,1,1,0,108.0,108.0,108.0,C16 (1),PRODUTIVA (1),HS TELECOM (1),PT8E - HS TELECOM,PT8E - HS TELECOM - C16 - 108.0 m2 - RUA,1,1,0,Somente sabado (1),CABO,Noroeste,EDUARDO ALVES DE QUEIROZ,MARIA ROSÂNGELA DE JESUS,0.204651,0.204651,0.774905,0.001796,0.066967,4.5G,4.5G,4270.33,,269.0,224.0,45.0,182.0,477.0,477.0,0.8125,PT8E,HS TELECOM,RUA,108.0,C16,PRODUTIVA,Somente sabado,09:00 as 18:00,09:00 as 13:00,FECHADO
3506003,BAURU,386193,Acima de 300k,Mercados tradicionais,-22.3246,-49.0871,4,2,2,82.2,32.0,140.0,C16 (4),"PRODUTIVA (2), ATENCAO (2)",HS TELECOM (4),J1EW - HS TELECOM; 9ZPJ - HS TELECOM; 5EO2 - HS TELECOM; PG8S - HS TELECOM,J1EW - HS TELECOM - C16 - 64.0 m2 - SHOPPING; 9ZPJ - HS TELECOM - C16 - 93.0 m2 - RUA; 5EO2 - HS TELECOM - C16 - 140.0 m2 - RUA; PG8S - HS TELECOM - C16 - 32.0 m2 - SHOPPING,2,4,2,"Sabado e domingo (2), Somente sabado (2)",CABO,Oeste,VIVIANE TANGARI LEMOS PONTES,VG GN VT,0.261898,0.261898,0.372211,0.211522,0.507401,4.5G,4.5G,45604.33,21727.0,841.0,792.0,49.0,348.0,1555.0,388.8,0.439394,J1EW,HS TELECOM,SHOPPING,64.0,C16,PRODUTIVA,Sabado e domingo,10:00 as 22:00,10:00 as 22:00,12:00 as 20:00
3506102,BEBEDOURO,77650,De 50k a 99k,Mercados em desenvolvimento,-20.9491,-48.4791,1,1,0,72.0,72.0,72.0,C16 (1),PRODUTIVA (1),HS TELECOM (1),PG8M - HS TELECOM,PG8M - HS TELECOM - C16 - 72.0 m2 - RUA,1,1,0,Somente sabado (1),CABO,Noroeste,VIVIANE TANGARI LEMOS PONTES,VITOR FERNANDO FARIA SARAVALLI,0.140032,0.140032,0.672755,0.083912,0.261776,4.5G,4G,3515.33,11417.0,1522.0,1489.0,33.0,864.0,453.0,453.0,0.580255,PG8M,HS TELECOM,RUA,72.0,C16,PRODUTIVA,Somente sabado,09:00 as 18:00,09:00 as 13:00,FECHADO
3506359,BERTIOGA,69044,De 50k a 99k,Mercados tradicionais,-23.8486,-46.1396,1,0,1,47.1,47.1,47.1,C16 (1),SEM AVALIACAO (1),FLEXCELL (1),XPTO1524 - FLEXCELL,XPTO1524 - FLEXCELL - C16 - 47.1 m2 - SHOPPING,0,1,0,Somente sabado (1),CABO,Vale/Litoral,RAFAEL SILVEIRA DE CARVALHO,PAULA AZEVEDO TIBURCIO,0.237093,0.237093,0.201745,0.542218,0.644715,4.5G,4.5G,9700.67,,,,,,,,,XPTO1524,FLEXCELL,SHOPPING,47.1,C16,SEM AVALIACAO,Somente sabado,09:00 as 18:00,09:00 as 18:00,FECHADO
3506508,BIRIGUI,128426,De 100k a 299k,Mercados em desenvolvimento,-21.291,-50.3432,1,1,0,72.0,72.0,72.0,C16 (1),PRODUTIVA (1),PRIME (1),I3XD - PRIME,I3XD - PRIME - C16 - 72.0 m2 - RUA,1,1,0,Somente sabado (1),CABO,Noroeste,VIVIANE TANGARI LEMOS PONTES,VANIA DIAS MALAMAN,0.055462,0.055462,0.212048,0.142992,0.692605,4.5G,4.5G,1857.67,,1182.0,791.0,391.0,262.0,298.0,298.0,0.331226,I3XD,PRIME,RUA,72.0,C16,PRODUTIVA,Somente sabado,09:00 as 18:00,09:00 as 13:00,FECHADO
3507001,BOITUVA,65589,De 50k a 99k,Mercados em desenvolvimento,-23.2855,-47.6786,1,1,0,34.0,34.0,34.0,C16 (1),PRODUTIVA (1),ADESIENE (1),YEZ1 - ADESIENE,YEZ1 - ADESIENE - C16 - 34.0 m2 - RUA,1,1,0,Somente sabado (1),CABO,Sudeste,EDUARDO ALVES DE QUEIROZ,GLAUCIA CAVALCANTE MARTINS,0.239901,0.239901,0.381767,0.144624,0.568587,4.5G,4.5G,7123.0,10356.0,69.0,57.0,12.0,14.0,252.0,252.0,0.245614,YEZ1,ADESIENE,RUA,34.0,C16,PRODUTIVA,Somente sabado,09:00 as 18:00,09:00 as 13:00,FECHADO
3507506,BOTUCATU,152797,De 100k a 299k,Mercados em desenvolvimento,-22.8837,-48.4437,2,1,1,34.2,28.4,40.0,C16 (2),PRODUTIVA (2),DOUGLAS (2),HWY1 - DOUGLAS; 6MA7 - DOUGLAS,HWY1 - DOUGLAS - C16 - 28.4 m2 - SHOPPING; 6MA7 - DOUGLAS - C16 - 40.0 m2 - RUA,2,2,1,"Sabado e domingo (1), Somente sabado (1)",CABO,Sudeste,VIVIANE TANGARI LEMOS PONTES,JOAO PAULO VENDRAMINI,0.207583,0.207583,0.235112,0.229419,0.712471,4.5G,4.5G,13126.0,21188.0,602.0,450.0,152.0,292.0,5.0,2.5,0.648889,HWY1,DOUGLAS,SHOPPING,28.4,C16,PRODUTIVA,Sabado e domingo,10:00 as 22:00,10:00 as 22:00,14:00 as 20:00
3507803,BRODOWSKI,26248,Até 29K,-,-20.9845,-47.6572,1,1,0,30.0,30.0,30.0,C16 (1),ATENCAO (1),CELLULAR.COM (1),NYA0 - CELLULAR.COM,NYA0 - CELLULAR.COM - C16 - 30.0 m2 - RUA,0,1,0,Somente sabado (1),NAO CABO,Oeste,EDUARDO ALVES DE QUEIROZ,MARIA ROSÂNGELA DE JESUS,0.001291,0.001291,0.816197,0.002474,0.116345,4.5G,3G,0.0,,1.0,1.0,0.0,1.0,133.0,133.0,1.0,NYA0,CELLULAR.COM,RUA,30.0,C16,ATENCAO,Somente sabado,09:00 as 18:00,09:00 as 13:00,FECHADO
3508504,CACAPAVA,97142,De 50k a 99k,Mercados tradicionais,-23.0992,-45.7076,1,1,0,28.0,28.0,28.0,C16 (1),PRODUTIVA (1),HS TELECOM (1),4UAR - HS TELECOM,4UAR - HS TELECOM - C16 - 28.0 m2 - RUA,1,1,0,Somente sabado (1),CABO,Vale/Litoral,RAFAEL SILVEIRA DE CARVALHO,THIAGO BERNARDES VIEIRA,0.283644,0.283644,0.367675,0.271195,0.573977,4.5G,4.5G,8056.33,4595.0,309.0,304.0,5.0,233.0,330.0,330.0,0.766447,4UAR,HS TELECOM,RUA,28.0,C16,PRODUTIVA,Somente sabado,09:00 AS 18:00,08:00 as 13:00,FECHADO
3509502,CAMPINAS,1241137,Acima de 300k,Mercados tradicionais,-22.9053,-47.0659,6,1,5,38.3,27.0,51.0,"C16 (5), C11 (1)","PRODUTIVA (5), ATENCAO (1)","FLEX CELL (4), WCI CELULARES (1), CELLULAR.COM (1)",5Z2B - FLEX CELL; 3UNF - WCI CELULARES; ZIK2 - FLEX CELL; FA4O - FLEX CELL; 4CB1 - CELLULAR.COM; LVQB - FLEX CELL,5Z2B - FLEX CELL - C16 - 51.0 m2 - SHOPPING; 3UNF - WCI CELULARES - C16 - 38.0 m2 - SHOPPING; ZIK2 - FLEX CELL - C16 - 36.5 m2 - SHOPPING; FA4O - FLEX CELL - C16 - 32.0 m2 - RUA; 4CB1 - CELLULAR.COM - C16 - 27.0 m2 - SHOPPING; LVQB - FLEX CELL - C11 - 45.0 m2 - SHOPPING,5,6,5,"Sabado e domingo (5), Somente sabado (1)",CABO,Central,HELBER EMILIANO ZAROS,LEILA CRISTINA NABUCO,0.389796,0.389796,0.473831,0.363532,0.310839,4.5G,4.5G,184375.0,80818.0,1931.0,1891.0,40.0,1270.0,684.0,114.0,0.671602,5Z2B,FLEX CELL,SHOPPING,51.0,C16,PRODUTIVA,Sabado e domingo,10:00 as 22:00,10:00 as 22:00,12:00 as 20:00
3509700,CAMPOS DO JORDAO,53283,De 50k a 99k,Mercados em desenvolvimento,-22.7296,-45.5833,1,1,0,34.6,34.6,34.6,C16 (1),PRODUTIVA (1),CELLULAR.COM (1),GIW7 - CELLULAR.COM,GIW7 - CELLULAR.COM - C16 - 34.6 m2 - RUA,1,1,0,Somente sabado (1),CABO,Sudeste,RAFAEL SILVEIRA DE CARVALHO,NATAN DOS SANTOS MOREIRA LIMA,0.132006,0.132006,0.17092,0.373366,0.745268,4.5G,4.5G,1660.33,,14.0,14.0,0.0,11.0,135.0,135.0,0.785714,GIW7,CELLULAR.COM,RUA,34.6,C16,PRODUTIVA,Somente sabado,09:00 AS 18:00,09:00 as 13:00,FECHADO
3510401,CAPIVARI,58124,De 50k a 99k,Mercados tradicionais,-22.9951,-47.5071,1,1,0,48.0,48.0,48.0,C16 (1),PRODUTIVA (1),ADESIENE (1),TTB1 - ADESIENE,TTB1 - ADESIENE - C16 - 48.0 m2 - RUA,1,1,0,Somente sabado (1),CABO,Central,HELBER EMILIANO ZAROS,WILLIAM DE OLIVEIRA BONFIM,0.157465,0.157465,0.727485,0.145898,0.244578,4.5G,4G,3017.33,4567.0,173.0,149.0,24.0,49.0,306.0,306.0,0.328859,TTB1,ADESIENE,RUA,48.0,C16,PRODUTIVA,Somente sabado,09:00 as 18:00,09:00 as 13:00,FECHADO
3510500,CARAGUATATUBA,128757,De 100k a 299k,Mercados tradicionais,-23.6125,-45.4125,2,0,2,33.2,33.0,33.5,"C16 (1), C24 (1)","PRODUTIVA (1), SEM AVALIACAO (1)",CELLULAR.COM (2),GXNT - CELLULAR.COM; XPTO1547 - CELLULAR.COM,GXNT - CELLULAR.COM - C16 - 33.0 m2 - SHOPPING; XPTO1547 - CELLULAR.COM - C24 - 33.5 m2 - SHOPPING,1,2,1,"Somente sabado (1), Sabado e domingo (1)",CABO,Vale/Litoral,RAFAEL SILVEIRA DE CARVALHO,NATAN DOS SANTOS MOREIRA LIMA,0.485889,0.485889,0.318445,0.15072,0.437702,4.5G,4.5G,32475.0,,1971.0,931.0,1040.0,210.0,509.0,254.5,0.225564,GXNT,CELLULAR.COM,SHOPPING,33.0,C16,PRODUTIVA,Somente sabado,09:00 as 19:00,09:00 as 17:00,FECHADO
3510807,CASA BRANCA,30898,De 30k a 49k,Mercados em desenvolvimento,-21.7708,-47.0852,1,1,0,28.0,28.0,28.0,C11 (1),PRODUTIVA (1),CELLULAR.COM (1),D2EH - CELLULAR.COM,D2EH - CELLULAR.COM - C11 - 28.0 m2 - RUA,1,1,0,Somente sabado (1),CABO,Sudeste,HELBER EMILIANO ZAROS,RODRIGO DE SOUZA ALBANO,0.17488,0.17488,0.626419,0.041316,0.339273,4.5G,4G,1018.0,512.0,204.0,204.0,0.0,187.0,213.0,213.0,0.916667,D2EH,CELLULAR.COM,RUA,28.0,C11,PRODUTIVA,Somente sabado,09:00 as 18:00,09:00 as 13:00,FECHADO
3511102,CATANDUVA,124235,De 100k a 299k,Mercados em desenvolvimento,-21.1314,-48.977,2,1,1,75.0,66.0,84.0,C16 (2),PRODUTIVA (2),HS TELECOM (2),QRTV - HS TELECOM; PT9T - HS TELECOM,QRTV - HS TELECOM - C16 - 66.0 m2 - SHOPPING; PT9T - HS TELECOM - C16 - 84.0 m2 - RUA,2,2,1,"Sabado e domingo (1), Somente sabado (1)",CABO,Noroeste,VIVIANE TANGARI LEMOS PONTES,RENATO PIQUERA AZEVEDO,0.163968,0.163968,0.37546,0.213668,0.567217,4.5G,4.5G,7217.67,,922.0,792.0,130.0,529.0,851.0,425.5,0.667929,QRTV,HS TELECOM,SHOPPING,66.0,C16,PRODUTIVA,Sabado e domingo,10:00 as 22:00,10:00 as 22:00,14:00 as 20:00
3511508,CERQUILHO,52281,De 50k a 99k,Mercados em desenvolvimento,-23.1665,-47.7459,1,1,0,50.0,50.0,50.0,C16 (1),PRODUTIVA (1),CELLULAR.COM (1),JD30 - CELLULAR.COM,JD30 - CELLULAR.COM - C16 - 50.0 m2 - RUA,1,1,0,Somente sabado (1),CABO,Sudeste,EDUARDO ALVES DE QUEIROZ,GLAUCIA CAVALCANTE MARTINS,0.201764,0.201764,0.281325,0.009895,0.694927,4.5G,4.5G,3386.0,9788.0,107.0,106.0,1.0,78.0,153.0,153.0,0.735849,JD30,CELLULAR.COM,RUA,50.0,C16,PRODUTIVA,Somente sabado,09:00 as 18:00,09:00 as 13:00,FECHADO
3512803,COSMOPOLIS,77021,De 50k a 99k,Mercados tradicionais,-22.6419,-47.1926,1,1,0,40.0,40.0,40.0,C16 (1),PRODUTIVA (1),HS TELECOM (1),LAHU - HS TELECOM,LAHU - HS TELECOM - C16 - 40.0 m2 - RUA,1,1,0,Somente sabado (1),CABO,Central,HELBER EMILIANO ZAROS,RAFAEL MICHELINI MENONCELLO,0.12264,0.12264,0.415046,0.287449,0.439323,4.5G,4.5G,1978.0,2603.0,467.0,413.0,54.0,274.0,232.0,232.0,0.663438,LAHU,HS TELECOM,RUA,40.0,C16,PRODUTIVA,Somente sabado,09:00 AS 18:00,09:00 as 13:00,FECHADO
3513108,CRAVINHOS,36386,De 30k a 49k,Mercados em desenvolvimento,-21.338,-47.7324,1,1,0,51.0,51.0,51.0,C16 (1),PRODUTIVA (1),CELLULAR.COM (1),QDXW - CELLULAR.COM,QDXW - CELLULAR.COM - C16 - 51.0 m2 - RUA,1,1,0,Somente sabado (1),CABO,Noroeste,EDUARDO ALVES DE QUEIROZ,MARIA ROSÂNGELA DE JESUS,0.227824,0.227824,0.753007,0.014119,0.198342,4.5G,4.5G,2773.0,940.0,1464.0,1322.0,142.0,452.0,355.0,355.0,0.341906,QDXW,CELLULAR.COM,RUA,51.0,C16,PRODUTIVA,Somente sabado,09:00 as 18:00,09:00 as 13:00,FECHADO
3513405,CRUZEIRO,83464,De 50k a 99k,Mercados em desenvolvimento,-22.5728,-44.969,1,1,0,44.0,44.0,44.0,C16 (1),PRODUTIVA (1),CELLULAR.COM (1),X762 - CELLULAR.COM,X762 - CELLULAR.COM - C16 - 44.0 m2 - RUA,1,1,0,Somente sabado (1),CABO,Sudeste,RAFAEL SILVEIRA DE CARVALHO,NATAN DOS SANTOS MOREIRA LIMA,0.245184,0.245184,0.482373,0.226645,0.300427,4.5G,4G,4123.0,,1778.0,1473.0,305.0,859.0,323.0,323.0,0.583164,X762,CELLULAR.COM,RUA,44.0,C16,PRODUTIVA,Somente sabado,08:00 as 18:00,08:00 as 13:00,FECHADO
3513504,CUBATAO,134198,De 100k a 299k,Mercados tradicionais,-23.8911,-46.424,1,1,0,46.0,46.0,46.0,C16 (1),PRODUTIVA (1),FLEX CELL (1),QOUD - FLEX CELL,QOUD - FLEX CELL - C16 - 46.0 m2 - RUA,1,1,0,Somente sabado (1),CABO,Vale/Litoral,RAFAEL SILVEIRA DE CARVALHO,PAULA AZEVEDO TIBURCIO,0.183218,0.183218,0.461424,0.139901,0.396846,4.5G,4.5G,5763.67,2423.0,335.0,327.0,8.0,319.0,,,0.975535,QOUD,FLEX CELL,RUA,46.0,C16,PRODUTIVA,Somente sabado,09:00 AS 18:00,09:00 AS 13:00,FECHADO
3513702,DESCALVADO,34440,De 30k a 49k,Mercados em desenvolvimento,-21.9002,-47.6181,1,1,0,58.0,58.0,58.0,C16 (1),PRODUTIVA (1),BONELI BIAZI (1),PE7O - BONELI BIAZI,PE7O - BONELI BIAZI - C16 - 58.0 m2 - RUA,1,1,0,Somente sabado (1),CABO,Sudeste,HELBER EMILIANO ZAROS,DAVID GOMES NEGRAO,0.138358,0.138358,0.541861,0.195216,0.438681,4.5G,4.5G,1084.67,1760.0,67.0,67.0,0.0,20.0,249.0,249.0,0.298507,PE7O,BONELI BIAZI,RUA,58.0,C16,PRODUTIVA,Somente sabado,09:00 AS 18:00,09:00 as 13:00,FECHADO
3514403,DRACENA,47732,De 30k a 49k,Mercados em desenvolvimento,-21.4843,-51.535,1,1,0,21.0,21.0,21.0,C16 (1),PRODUTIVA (1),PRIME (1),7DBW - PRIME,7DBW - PRIME - C16 - 21.0 m2 - RUA,1,1,0,Somente sabado (1),CABO,Noroeste,VIVIANE TANGARI LEMOS PONTES,VANIA DIAS MALAMAN,0.125027,0.125027,0.054663,0.134145,0.833807,4.5G,4.5G,1705.0,,117.0,114.0,3.0,8.0,71.0,71.0,0.070175,7DBW,PRIME,RUA,21.0,C16,PRODUTIVA,Somente sabado,09:00 as 18:00,09:00 as 13:00,FECHADO
3515186,ESPIRITO SANTO DO PINHAL,44836,De 30k a 49k,Mercados em desenvolvimento,-22.1909,-46.7477,1,1,0,90.0,90.0,90.0,C11 (1),PRODUTIVA (1),CELLULAR.COM (1),1L9B - CELLULAR.COM,1L9B - CELLULAR.COM - C11 - 90.0 m2 - RUA,1,1,0,Somente sabado (1),CABO,Sudeste,HELBER EMILIANO ZAROS,RODRIGO DE SOUZA ALBANO,0.162587,0.162587,0.589739,0.169753,0.37594,4.5G,4.5G,2428.0,,267.0,257.0,10.0,256.0,396.0,396.0,0.996109,1L9B,CELLULAR.COM,RUA,90.0,C11,PRODUTIVA,Somente sabado,09:00 as 18:00,09:00 as 13:00,FECHADO
3515509,FERNANDOPOLIS,70171,De 50k a 99k,Mercados em desenvolvimento,-20.2806,-50.2471,1,1,0,31.6,31.6,31.6,C16 (1),PRODUTIVA (1),HS TELECOM (1),3V70 - HS TELECOM,3V70 - HS TELECOM - C16 - 31.6 m2 - RUA,1,1,0,Somente sabado (1),CABO,Noroeste,VIVIANE TANGARI LEMOS PONTES,ANA CLINIO DA SILVA,0.237731,0.237731,0.204142,0.150194,0.719385,4.5G,4.5G,3930.0,,1018.0,755.0,263.0,246.0,273.0,273.0,0.325828,3V70,HS TELECOM,RUA,31.6,C16,PRODUTIVA,Somente sabado,09:00 as 18:00,09:00 as 13:00,FECHADO
3516200,FRANCA,363521,Acima de 300k,Mercados tradicionais,-20.5352,-47.4039,4,3,1,65.8,45.3,94.0,"C16 (3), C11 (1)","PRODUTIVA (3), ATENCAO (1)","HS TELECOM (2), CELLULAR.COM (2)",PG8R - HS TELECOM; JDRJ - CELLULAR.COM; C2IC - HS TELECOM; BABI - CELLULAR.COM,PG8R - HS TELECOM - C16 - 94.0 m2 - RUA; JDRJ - CELLULAR.COM - C16 - 72.8 m2 - RUA; C2IC - HS TELECOM - C16 - 51.0 m2 - SHOPPING; BABI - CELLULAR.COM - C11 - 45.3 m2 - RUA,3,4,1,"Somente sabado (3), Sabado e domingo (1)",CABO,Oeste,EDUARDO ALVES DE QUEIROZ,MARIA ROSÂNGELA DE JESUS,0.26891,0.26891,0.673391,0.092143,0.116689,4.5G,4G,37156.33,2858.0,854.0,729.0,125.0,468.0,1326.0,331.5,0.641975,PG8R,HS TELECOM,RUA,94.0,C16,PRODUTIVA,Somente sabado,09:00 as 18:00,09:00 as 13:00,FECHADO
3516705,GARCA,44426,De 30k a 49k,Mercados em desenvolvimento,-22.2125,-49.6546,1,1,0,32.0,32.0,32.0,C16 (1),PRODUTIVA (1),CONVERGE.NET (1),X0GI - CONVERGE.NET,X0GI - CONVERGE.NET - C16 - 32.0 m2 - RUA,1,1,0,Somente sabado (1),CABO,Noroeste,VIVIANE TANGARI LEMOS PONTES,VG GN VT,0.150133,0.150133,0.296822,0.123919,0.54882,4.5G,4.5G,2081.67,,8.0,8.0,0.0,6.0,177.0,177.0,0.75,X0GI,CONVERGE.NET,RUA,32.0,C16,PRODUTIVA,Somente sabado,09:00 as 18:00,09:00 as 12:00,FECHADO
3517406,GUAIRA,41732,De 30k a 49k,Mercados em desenvolvimento,-20.3196,-48.312,1,1,0,32.0,32.0,32.0,C16 (1),PRODUTIVA (1),JARBAS (1),XE1A - JARBAS,XE1A - JARBAS - C16 - 32.0 m2 - RUA,1,1,0,Somente sabado (1),CABO,Noroeste,VIVIANE TANGARI LEMOS PONTES,VITOR FERNANDO FARIA SARAVALLI,0.249676,0.249676,0.57618,0.002115,0.072886,4.5G,4G,3305.67,5763.0,177.0,164.0,13.0,5.0,8.0,8.0,0.030488,XE1A,JARBAS,RUA,32.0,C16,PRODUTIVA,Somente sabado,09:00 as 18:00,09:00 as 13:00,FECHADO
3518206,GUARARAPES,33541,De 30k a 49k,Mercados em desenvolvimento,-21.2544,-50.6453,1,1,0,50.0,50.0,50.0,C11 (1),PRODUTIVA (1),CELLULAR.COM (1),6OYN - CELLULAR.COM,6OYN - CELLULAR.COM - C11 - 50.0 m2 - RUA,1,1,0,Somente sabado (1),CABO,Noroeste,VIVIANE TANGARI LEMOS PONTES,NILTON JUNIOR FRANCISCO,0.20717,0.20717,0.367039,0.205586,0.48651,4.5G,4.5G,1671.33,,138.0,138.0,0.0,100.0,138.0,138.0,0.724638,6OYN,CELLULAR.COM,RUA,50.0,C11,PRODUTIVA,Somente sabado,09:00 as 18:00,09:00 as 13:00,FECHADO
3518404,GUARATINGUETA,124455,De 100k a 299k,Mercados em desenvolvimento,-22.8075,-45.1938,2,1,1,34.3,34.0,34.5,C16 (2),PRODUTIVA (2),J. P. MACHADO (2),KL68 - J. P. MACHADO; CI76 - J. P. MACHADO,KL68 - J. P. MACHADO - C16 - 34.0 m2 - SHOPPING; CI76 - J. P. MACHADO - C16 - 34.5 m2 - RUA,2,2,1,"Sabado e domingo (1), Somente sabado (1)",CABO,Sudeste,RAFAEL SILVEIRA DE CARVALHO,THIAGO BERNARDES VIEIRA,0.236983,0.236983,0.383293,0.254017,0.423227,4.5G,4.5G,10662.67,,325.0,314.0,11.0,14.0,673.0,336.5,0.044586,KL68,J. P. MACHADO,SHOPPING,34.0,C16,PRODUTIVA,Sabado e domingo,10:00 as 22:00,10:00 as 22:00,14:00 as 20:00
3518701,GUARUJA,329155,Acima de 300k,Mercados tradicionais,-23.9888,-46.258,1,0,1,40.0,40.0,40.0,C16 (1),PRODUTIVA (1),FLEX CELL (1),H0BH - FLEX CELL,H0BH - FLEX CELL - C16 - 40.0 m2 - SHOPPING,1,1,0,Somente sabado (1),CABO,Vale/Litoral,RAFAEL SILVEIRA DE CARVALHO,PAULA AZEVEDO TIBURCIO,0.308034,0.308034,0.43936,0.273765,0.435495,4.5G,4.5G,40636.33,17385.0,746.0,733.0,13.0,392.0,,,0.534789,H0BH,FLEX CELL,SHOPPING,40.0,C16,PRODUTIVA,Somente sabado,10:00 as 19:00,10:00 as 19:00,FECHADO
3519071,HORTOLANDIA,244095,De 100k a 299k,Mercados tradicionais,-22.8529,-47.2143,2,1,1,37.5,24.0,51.0,C24 (2),PRODUTIVA (2),"HS TELECOM (1), DOM BARRETO (1)",TU4B - HS TELECOM; A4RA - DOM BARRETO,TU4B - HS TELECOM - C24 - 51.0 m2 - SHOPPING; A4RA - DOM BARRETO - C24 - 24.0 m2 - RUA,2,2,1,"Sabado e domingo (1), Somente sabado (1)",CABO,Central,HELBER EMILIANO ZAROS,WILLIAM DE OLIVEIRA BONFIM,0.130548,0.130548,0.429943,0.313797,0.325037,4.5G,4.5G,11894.67,36006.0,399.0,343.0,56.0,272.0,717.0,358.5,0.793003,TU4B,HS TELECOM,SHOPPING,51.0,C24,PRODUTIVA,Sabado e domingo,10:00 as 22:00,10:00 as 22:00,12:00 AS 20:00
3519600,IBITINGA,62204,De 50k a 99k,-,-21.7562,-48.8319,1,1,0,66.0,66.0,66.0,C11 (1),IMPRODUTIVA (1),TAMIRIS (1),HFQJ - TAMIRIS,HFQJ - TAMIRIS - C11 - 66.0 m2 - RUA,0,1,0,Somente sabado (1),NAO CABO,Oeste,EDUARDO ALVES DE QUEIROZ,MARISTELA CAPARROZ DE LIRA SILVA,0.000861,0.000861,0.193732,0.012527,0.660088,4.5G,4.5G,0.0,8150.0,40.0,39.0,1.0,1.0,,,0.025641,HFQJ,TAMIRIS,RUA,66.0,C11,IMPRODUTIVA,Somente sabado,09:00 as 18:00,09:00 as 13:00,FECHADO
3520103,IGARAPAVA,31118,De 30k a 49k,-,-20.0407,-47.7466,1,1,0,36.0,36.0,36.0,C16 (1),ATENCAO (1),CELLULAR.COM (1),XK3I - CELLULAR.COM,XK3I - CELLULAR.COM - C16 - 36.0 m2 - RUA,0,1,0,Somente sabado (1),NAO CABO,Oeste,EDUARDO ALVES DE QUEIROZ,RODRIGO PROSPERO FERREIRA DA SILVA,0.00211,0.00211,0.604633,0.029807,0.25494,4.5G,4G,0.0,,,,,,159.0,159.0,,XK3I,CELLULAR.COM,RUA,36.0,C16,ATENCAO,Somente sabado,09:00 as 18:00,09:00 as 12:00,FECHADO
3520400,ILHABELA,37393,De 30k a 49k,-,-23.7785,-45.3552,1,1,0,26.0,26.0,26.0,C16 (1),ATENCAO (1),CELLULAR.COM (1),KBV1 - CELLULAR.COM,KBV1 - CELLULAR.COM - C16 - 26.0 m2 - RUA,0,1,0,Somente sabado (1),NAO CABO,Vale/Litoral,RAFAEL SILVEIRA DE CARVALHO,NATAN DOS SANTOS MOREIRA LIMA,0.000935,0.000935,0.570583,0.372318,0.302667,4.5G,4.5G,0.0,,162.0,160.0,2.0,145.0,217.0,217.0,0.90625,KBV1,CELLULAR.COM,RUA,26.0,C16,ATENCAO,Somente sabado,09:00 AS 18:00,09:00 as 13:00,FECHADO
3520509,INDAIATUBA,269596,De 100k a 299k,Mercados tradicionais,-23.0816,-47.2101,3,1,2,49.8,37.9,61.5,"C16 (2), C11 (1)","PRODUTIVA (2), IMPRODUTIVA (1)","HS TELECOM (2), FLEX CELL (1)",X350 - HS TELECOM; 3A1I - FLEX CELL; PS1E - HS TELECOM,X350 - HS TELECOM - C16 - 61.5 m2 - SHOPPING; 3A1I - FLEX CELL - C11 - 50.0 m2 - RUA; PS1E - HS TELECOM - C16 - 37.9 m2 - SHOPPING,2,3,2,"Sabado e domingo (2), Somente sabado (1)",CABO,Central,HELBER EMILIANO ZAROS,WILLIAM DE OLIVEIRA BONFIM,0.296695,0.296695,0.477462,0.417469,0.412234,4.5G,4.5G,35583.0,13991.0,1368.0,1140.0,228.0,616.0,882.0,294.0,0.540351,X350,HS TELECOM,SHOPPING,61.5,C16,PRODUTIVA,Sabado e domingo,10:00 as 22:00,10:00 as 22:00,12:00 AS 20:00
3522109,ITANHAEM,106789,De 100k a 299k,Mercados tradicionais,-24.1736,-46.788,1,1,0,51.0,51.0,51.0,C16 (1),PRODUTIVA (1),DIEGO (1),3Q90 - DIEGO,3Q90 - DIEGO - C16 - 51.0 m2 - RUA,1,1,0,Somente sabado (1),CABO,Vale/Litoral,RAFAEL SILVEIRA DE CARVALHO,NELISA APARECIDA BARREIROS FERREIRA,0.214412,0.214412,0.288493,0.046119,0.593742,4.5G,4.5G,14049.33,6654.0,519.0,510.0,9.0,287.0,393.0,393.0,0.562745,3Q90,DIEGO,RUA,51.0,C16,PRODUTIVA,Somente sabado,09:00 as 18:00,09:00 as 18:00,FECHADO
3522307,ITAPETININGA,170145,De 100k a 299k,Mercados em desenvolvimento,-23.5886,-48.0483,2,1,1,37.6,26.0,49.3,C16 (2),"PRODUTIVA (1), IMPRODUTIVA (1)",CELLULAR.COM (2),2AK7 - CELLULAR.COM; WNOQ - CELLULAR.COM,2AK7 - CELLULAR.COM - C16 - 26.0 m2 - RUA; WNOQ - CELLULAR.COM - C16 - 49.3 m2 - SHOPPING,1,2,1,"Somente sabado (1), Sabado e domingo (1)",CABO,Sudeste,EDUARDO ALVES DE QUEIROZ,VALERIA DE SOUZA ZAMBUZI,0.313981,0.313981,0.233167,0.385045,0.702386,4.5G,4.5G,12364.67,4299.0,151.0,146.0,5.0,66.0,535.0,267.5,0.452055,2AK7,CELLULAR.COM,RUA,26.0,C16,PRODUTIVA,Somente sabado,09:00 as 18:00,09:00 as 13:00,FECHADO
3522604,ITAPIRA,76515,De 50k a 99k,Mercados em desenvolvimento,-22.4357,-46.8224,1,1,0,65.0,65.0,65.0,C16 (1),IMPRODUTIVA (1),FLEX CELL (1),EJFC - FLEX CELL,EJFC - FLEX CELL - C16 - 65.0 m2 - RUA,0,1,0,Somente sabado (1),CABO,Sudeste,HELBER EMILIANO ZAROS,RAFAEL MICHELINI MENONCELLO,0.131736,0.131736,0.43266,0.174964,0.462124,4.5G,4.5G,2900.33,,24.0,22.0,2.0,3.0,,,0.136364,EJFC,FLEX CELL,RUA,65.0,C16,IMPRODUTIVA,Somente sabado,09:00 as 18:00,09:00 as 13:00,FECHADO
3524105,ITUVERAVA,42648,De 30k a 49k,Mercados em desenvolvimento,-20.3355,-47.7902,1,1,0,50.0,50.0,50.0,C11 (1),PRODUTIVA (1),CELLULAR.COM (1),6CX7 - CELLULAR.COM,6CX7 - CELLULAR.COM - C11 - 50.0 m2 - RUA,1,1,0,Somente sabado (1),CABO,Noroeste,EDUARDO ALVES DE QUEIROZ,RODRIGO PROSPERO FERREIRA DA SILVA,0.190131,0.190131,0.550864,0.002362,0.109239,4.5G,4.5G,1979.67,,320.0,312.0,8.0,114.0,371.0,371.0,0.365385,6CX7,CELLULAR.COM,RUA,50.0,C11,PRODUTIVA,Somente sabado,09:00 as 18:00,09:00 as 12:00,FECHADO
3524303,JABOTICABAL,78713,De 50k a 99k,Mercados em desenvolvimento,-21.252,-48.3252,1,1,0,52.0,52.0,52.0,C16 (1),PRODUTIVA (1),CELLULAR.COM (1),5SNA - CELLULAR.COM,5SNA - CELLULAR.COM - C16 - 52.0 m2 - RUA,1,1,0,Somente sabado (1),CABO,Noroeste,EDUARDO ALVES DE QUEIROZ,MARISTELA CAPARROZ DE LIRA SILVA,0.094271,0.094271,0.254478,0.226515,0.686545,4.5G,4.5G,2101.67,3854.0,1.0,0.0,1.0,0.0,192.0,192.0,,5SNA,CELLULAR.COM,RUA,52.0,C16,PRODUTIVA,Somente sabado,09:00 as 18:00,09:00 as 13:00,FECHADO
3524402,JACAREI,240327,De 100k a 299k,Mercados tradicionais,-23.2983,-45.9658,1,0,1,57.0,57.0,57.0,C16 (1),PRODUTIVA (1),HS TELECOM (1),QCTV - HS TELECOM,QCTV - HS TELECOM - C16 - 57.0 m2 - SHOPPING,1,1,1,Sabado e domingo (1),CABO,Vale/Litoral,RAFAEL SILVEIRA DE CARVALHO,THIAGO BERNARDES VIEIRA,0.194033,0.194033,0.333104,0.416254,0.478058,4.5G,4.5G,15785.33,3339.0,1891.0,1782.0,109.0,1131.0,619.0,619.0,0.63468,QCTV,HS TELECOM,SHOPPING,57.0,C16,PRODUTIVA,Sabado e domingo,10:00 as 22:00,10:00 as 22:00,14:00 as 20:00
3524709,JAGUARIUNA,62330,De 50k a 99k,Mercados tradicionais,-22.7037,-46.9851,1,1,0,40.0,40.0,40.0,C16 (1),PRODUTIVA (1),HS TELECOM (1),DFLW - HS TELECOM,DFLW - HS TELECOM - C16 - 40.0 m2 - RUA,1,1,0,Somente sabado (1),CABO,Central,HELBER EMILIANO ZAROS,RAFAEL MICHELINI MENONCELLO,0.236062,0.236062,0.448972,0.238731,0.440644,4.5G,4.5G,5352.67,11321.0,852.0,844.0,8.0,672.0,286.0,286.0,0.796209,DFLW,HS TELECOM,RUA,40.0,C16,PRODUTIVA,Somente sabado,09:00 AS 18:00,09:00 as 13:00,FECHADO
3525102,JARDINOPOLIS,46667,De 30k a 49k,Mercados em desenvolvimento,-21.0176,-47.7606,1,1,0,51.0,51.0,51.0,C11 (1),PRODUTIVA (1),CELLULAR.COM (1),ZSU5 - CELLULAR.COM,ZSU5 - CELLULAR.COM - C11 - 51.0 m2 - RUA,1,1,0,Somente sabado (1),CABO,Noroeste,EDUARDO ALVES DE QUEIROZ,RODRIGO PROSPERO FERREIRA DA SILVA,0.143495,0.143495,0.700359,0.001266,0.140739,4.5G,4.5G,2190.33,,,,,,311.0,311.0,,ZSU5,CELLULAR.COM,RUA,51.0,C11,PRODUTIVA,Somente sabado,09:00 as 18:00,09:00 as 12:00,FECHADO
3525300,JAU,156523,De 100k a 299k,Mercados tradicionais,-22.2936,-48.5592,2,1,1,53.5,53.0,54.0,C16 (2),PRODUTIVA (2),HS TELECOM (2),PG8B - HS TELECOM; PG8I - HS TELECOM,PG8B - HS TELECOM - C16 - 53.0 m2 - SHOPPING; PG8I - HS TELECOM - C16 - 54.0 m2 - RUA,2,2,1,"Sabado e domingo (1), Somente sabado (1)",CABO,Oeste,VIVIANE TANGARI LEMOS PONTES,VG GN VT,0.252894,0.252894,0.330071,0.266729,0.56591,4.5G,4.5G,14903.0,14097.0,311.0,296.0,15.0,180.0,803.0,401.5,0.608108,PG8B,HS TELECOM,SHOPPING,53.0,C16,PRODUTIVA,Sabado e domingo,10:00 as 22:00,10:00 as 22:00,12:00 as 20:00
3525706,JOSE BONIFACIO,38361,De 30k a 49k,Mercados em desenvolvimento,-21.0551,-49.6892,1,1,0,25.0,25.0,25.0,C16 (1),PRODUTIVA (1),HS TELECOM (1),M5D8 - HS TELECOM,M5D8 - HS TELECOM - C16 - 25.0 m2 - RUA,1,1,0,Somente sabado (1),CABO,Noroeste,VIVIANE TANGARI LEMOS PONTES,RENATO PIQUERA AZEVEDO,0.096789,0.096789,0.385136,0.009829,0.542864,4.5G,4.5G,903.0,,621.0,618.0,3.0,345.0,311.0,311.0,0.558252,M5D8,HS TELECOM,RUA,25.0,C16,PRODUTIVA,Somente sabado,09:00 as 18:00,09:00 as 13:00,FECHADO
3526704,LEME,107047,De 100k a 299k,Mercados em desenvolvimento,-22.1809,-47.3841,1,1,0,40.0,40.0,40.0,C16 (1),PRODUTIVA (1),CELLULAR.COM (1),H83T - CELLULAR.COM,H83T - CELLULAR.COM - C16 - 40.0 m2 - RUA,1,1,0,Somente sabado (1),CABO,Sudeste,HELBER EMILIANO ZAROS,RODRIGO DE SOUZA ALBANO,0.052648,0.052648,0.34724,0.117543,0.575409,4.5G,4.5G,2045.67,6522.0,286.0,282.0,4.0,228.0,319.0,319.0,0.808511,H83T,CELLULAR.COM,RUA,40.0,C16,PRODUTIVA,Somente sabado,09:00 as 18:00,09:00 as 13:00,FECHADO
3526803,LENCOIS PAULISTA,70563,De 50k a 99k,Mercados em desenvolvimento,-22.6027,-48.8037,1,1,0,73.7,73.7,73.7,C16 (1),PRODUTIVA (1),HS TELECOM (1),CJIB - HS TELECOM,CJIB - HS TELECOM - C16 - 73.7 m2 - RUA,1,1,0,Somente sabado (1),CABO,Sudeste,VIVIANE TANGARI LEMOS PONTES,JOAO PAULO VENDRAMINI,0.089885,0.089885,0.132295,0.22613,0.812658,4.5G,4.5G,1899.33,15393.0,63.0,43.0,20.0,6.0,255.0,255.0,0.139535,CJIB,HS TELECOM,RUA,73.7,C16,PRODUTIVA,Somente sabado,09:00 AS 18:00,09:00 as 13:00,FECHADO
3526902,LIMEIRA,315129,Acima de 300k,Mercados tradicionais,-22.566,-47.397,3,1,2,51.7,36.0,65.0,C16 (3),"PRODUTIVA (2), ATENCAO (1)","FLEX CELL (2), CELLULAR.COM (1)",7UD6 - FLEX CELL; 654I - FLEX CELL; 3DGA - CELLULAR.COM,7UD6 - FLEX CELL - C16 - 54.0 m2 - SHOPPING; 654I - FLEX CELL - C16 - 65.0 m2 - RUA; 3DGA - CELLULAR.COM - C16 - 36.0 m2 - SHOPPING,2,3,2,"Sabado e domingo (2), Somente sabado (1)",CABO,Central,HELBER EMILIANO ZAROS,FREDERICO CARNEIRO SANTIAGO,0.195989,0.195989,0.339939,0.216493,0.392837,4.5G,4.5G,19150.67,13673.0,1485.0,1405.0,80.0,792.0,253.0,84.3,0.563701,7UD6,FLEX CELL,SHOPPING,54.0,C16,PRODUTIVA,Sabado e domingo,10:00 as 22:00,10:00 as 22:00,14:00 as 20:00
3527108,LINS,79860,De 50k a 99k,Mercados em desenvolvimento,-21.6718,-49.7526,1,1,0,57.0,57.0,57.0,C16 (1),PRODUTIVA (1),HS TELECOM (1),PT4E - HS TELECOM,PT4E - HS TELECOM - C16 - 57.0 m2 - RUA,1,1,0,Somente sabado (1),CABO,Noroeste,VIVIANE TANGARI LEMOS PONTES,VG GN VT,0.047754,0.047754,0.223731,0.151082,0.678521,4.5G,4.5G,1176.0,4081.0,,,,,376.0,376.0,,PT4E,HS TELECOM,RUA,57.0,C16,PRODUTIVA,Somente sabado,09:00 as 18:00,09:00 as 13:00,FECHADO
3527207,LORENA,90264,De 50k a 99k,Mercados em desenvolvimento,-22.7334,-45.1197,1,1,0,30.0,30.0,30.0,C16 (1),PRODUTIVA (1),J. P. MACHADO (1),43LW - J. P. MACHADO,43LW - J. P. MACHADO - C16 - 30.0 m2 - RUA,1,1,0,Somente sabado (1),CABO,Sudeste,RAFAEL SILVEIRA DE CARVALHO,THIAGO BERNARDES VIEIRA,0.248635,0.248635,0.438281,0.110385,0.365329,4.5G,4.5G,7158.0,,203.0,202.0,1.0,30.0,379.0,379.0,0.148515,43LW,J. P. MACHADO,RUA,30.0,C16,PRODUTIVA,Somente sabado,09:00 AS 18:00,09:00 as 13:00,FECHADO
3529005,MARILIA,245361,De 100k a 299k,Mercados em desenvolvimento,-22.2171,-49.9501,2,1,1,66.0,38.0,94.0,C16 (2),PRODUTIVA (2),HS TELECOM (2),PG8L - HS TELECOM; PG8G - HS TELECOM,PG8L - HS TELECOM - C16 - 94.0 m2 - RUA; PG8G - HS TELECOM - C16 - 38.0 m2 - SHOPPING,2,2,1,"Somente sabado (1), Sabado e domingo (1)",CABO,Noroeste,VIVIANE TANGARI LEMOS PONTES,JOAO PAULO VENDRAMINI,0.336454,0.336454,0.215423,0.303345,0.726977,4.5G,4.5G,26446.0,,316.0,208.0,108.0,119.0,1020.0,510.0,0.572115,PG8L,HS TELECOM,RUA,94.0,C16,PRODUTIVA,Somente sabado,09:00 as 18:00,09:00 as 13:00,FECHADO
3529302,MATAO,84879,De 50k a 99k,Mercados em desenvolvimento,-21.6025,-48.364,1,1,0,47.0,47.0,47.0,C16 (1),PRODUTIVA (1),CELLULAR.COM (1),PD9V - CELLULAR.COM,PD9V - CELLULAR.COM - C16 - 47.0 m2 - RUA,1,1,0,Somente sabado (1),CABO,Noroeste,EDUARDO ALVES DE QUEIROZ,MARISTELA CAPARROZ DE LIRA SILVA,0.039881,0.039881,0.25173,0.196981,0.690824,4.5G,4.5G,999.33,3413.0,,,,,345.0,345.0,,PD9V,CELLULAR.COM,RUA,47.0,C16,PRODUTIVA,Somente sabado,09:00 as 18:00,09:00 as 13:00,FECHADO
3530102,MIRANDOPOLIS,30093,De 30k a 49k,Mercados em desenvolvimento,-21.1313,-51.1035,1,1,0,49.0,49.0,49.0,C16 (1),PRODUTIVA (1),CELLULAR.COM (1),PMA1 - CELLULAR.COM,PMA1 - CELLULAR.COM - C16 - 49.0 m2 - RUA,1,1,0,Somente sabado (1),CABO,Noroeste,VIVIANE TANGARI LEMOS PONTES,NILTON JUNIOR FRANCISCO,0.213601,0.213601,0.582307,0.026677,0.352913,4.5G,4.5G,1053.0,,313.0,311.0,2.0,4.0,167.0,167.0,0.012862,PMA1,CELLULAR.COM,RUA,49.0,C16,PRODUTIVA,Somente sabado,09:00 as 18:00,09:00 as 13:00,FECHADO
3530300,MIRASSOL,61648,De 50k a 99k,Mercados tradicionais,-20.8169,-49.5206,1,1,0,36.0,36.0,36.0,C16 (1),PRODUTIVA (1),HS TELECOM (1),PZ8S - HS TELECOM,PZ8S - HS TELECOM - C16 - 36.0 m2 - RUA,1,1,0,Somente sabado (1),CABO,Oeste,VIVIANE TANGARI LEMOS PONTES,RENATO PIQUERA AZEVEDO,0.264995,0.264995,0.468069,0.068594,0.423727,4.5G,4.5G,6582.33,2241.0,33.0,33.0,0.0,15.0,265.0,265.0,0.454545,PZ8S,HS TELECOM,RUA,36.0,C16,PRODUTIVA,Somente sabado,09:00 as 18:00,09:00 as 13:00,FECHADO
3530508,MOCOCA,69189,De 50k a 99k,Mercados em desenvolvimento,-21.4647,-47.0024,1,1,0,45.0,45.0,45.0,C16 (1),PRODUTIVA (1),CELLULAR.COM (1),4BNF - CELLULAR.COM,4BNF - CELLULAR.COM - C16 - 45.0 m2 - RUA,1,1,0,Somente sabado (1),CABO,Sudeste,HELBER EMILIANO ZAROS,RODRIGO DE SOUZA ALBANO,0.161278,0.161278,0.731116,0.096883,0.242883,4.5G,4.5G,3793.67,,2064.0,1886.0,178.0,1758.0,509.0,509.0,0.932131,4BNF,CELLULAR.COM,RUA,45.0,C16,PRODUTIVA,Somente sabado,09:00 as 18:00,09:00 as 13:00,FECHADO
3530706,MOGI GUACU,156243,De 100k a 299k,Mercados tradicionais,-22.3675,-46.9428,2,0,2,49.0,38.0,59.9,C16 (2),"PRODUTIVA (1), ATENCAO (1)",FLEX CELL (2),6WG8 - FLEX CELL; QLEQ - FLEX CELL,6WG8 - FLEX CELL - C16 - 38.0 m2 - SHOPPING; QLEQ - FLEX CELL - C16 - 59.9 m2 - SHOPPING,1,2,2,Sabado e domingo (2),CABO,Central,HELBER EMILIANO ZAROS,RAFAEL MICHELINI MENONCELLO,0.286198,0.286198,0.326243,0.289563,0.622277,4.5G,4.5G,15064.67,4654.0,30.0,29.0,1.0,1.0,,,0.034483,6WG8,FLEX CELL,SHOPPING,38.0,C16,PRODUTIVA,Sabado e domingo,10:00 as 22:00,10:00 as 22:00,14:00 as 20:00
3531100,MONGAGUA,60391,De 50k a 99k,Mercados tradicionais,-24.0809,-46.6265,1,1,0,50.0,50.0,50.0,C16 (1),PRODUTIVA (1),DIEGO (1),NK1R - DIEGO,NK1R - DIEGO - C16 - 50.0 m2 - RUA,1,1,0,Somente sabado (1),CABO,Vale/Litoral,RAFAEL SILVEIRA DE CARVALHO,NELISA APARECIDA BARREIROS FERREIRA,0.402803,0.402803,0.447262,0.00649,0.406464,4.5G,4.5G,15893.67,4786.0,467.0,445.0,22.0,82.0,325.0,325.0,0.18427,NK1R,DIEGO,RUA,50.0,C16,PRODUTIVA,Somente sabado,09:00 as 18:00,09:00 as 18:00,FECHADO
3531308,MONTE ALTO,51527,De 50k a 99k,Mercados em desenvolvimento,-21.2655,-48.4971,1,1,0,40.0,40.0,40.0,C16 (1),PRODUTIVA (1),HS TELECOM (1),6WBY - HS TELECOM,6WBY - HS TELECOM - C16 - 40.0 m2 - RUA,1,1,0,Somente sabado (1),CABO,Noroeste,EDUARDO ALVES DE QUEIROZ,MARISTELA CAPARROZ DE LIRA SILVA,0.08209,0.08209,0.348589,0.021559,0.598613,4G,4.5G,608.67,115.0,86.0,84.0,2.0,72.0,238.0,238.0,0.857143,6WBY,HS TELECOM,RUA,40.0,C16,PRODUTIVA,Somente sabado,09:00 AS 18:00,08:00 as 13:00,FECHADO
3531803,MONTE MOR,63597,De 50k a 99k,Mercados tradicionais,-22.945,-47.3122,1,1,0,39.0,39.0,39.0,C24 (1),PRODUTIVA (1),ADESIENE (1),02RI - ADESIENE,02RI - ADESIENE - C24 - 39.0 m2 - RUA,1,1,0,Somente sabado (1),CABO,Central,HELBER EMILIANO ZAROS,WILLIAM DE OLIVEIRA BONFIM,0.111251,0.111251,0.581235,0.013097,0.245026,4.5G,4G,2305.33,4221.0,213.0,187.0,26.0,81.0,229.0,229.0,0.433155,02RI,ADESIENE,RUA,39.0,C24,PRODUTIVA,Somente sabado,09:00 as 18:00,09:00 as 13:00,FECHADO
3531902,MORRO AGUDO,34194,De 30k a 49k,-,-20.7288,-48.0581,1,1,0,51.0,51.0,51.0,C11 (1),PRODUTIVA (1),CELLULAR.COM (1),DS2Q - CELLULAR.COM,DS2Q - CELLULAR.COM - C11 - 51.0 m2 - RUA,1,1,0,Somente sabado (1),NAO CABO,Oeste,EDUARDO ALVES DE QUEIROZ,RODRIGO PROSPERO FERREIRA DA SILVA,0.001516,0.001516,0.715804,0.002122,0.066753,4.5G,4G,0.0,,614.0,499.0,115.0,196.0,165.0,165.0,0.392786,DS2Q,CELLULAR.COM,RUA,51.0,C11,PRODUTIVA,Somente sabado,09:00 as 18:00,09:00 as 12:00,FECHADO
3533403,NOVA ODESSA,63202,De 50k a 99k,Mercados tradicionais,-22.7832,-47.2941,1,1,0,28.0,28.0,28.0,C16 (1),PRODUTIVA (1),DOM BARRETO (1),3UW7 - DOM BARRETO,3UW7 - DOM BARRETO - C16 - 28.0 m2 - RUA,1,1,0,Somente sabado (1),CABO,Central,HELBER EMILIANO ZAROS,DAVID GOMES NEGRAO,0.110205,0.110205,0.537715,0.241052,0.27196,4.5G,4.5G,2647.33,14531.0,56.0,56.0,0.0,54.0,235.0,235.0,0.964286,3UW7,DOM BARRETO,RUA,28.0,C16,PRODUTIVA,Somente sabado,09:00 as 18:00,09:00 as 13:00,FECHADO
3533908,OLIMPIA,56122,De 50k a 99k,Mercados em desenvolvimento,-20.7366,-48.9106,1,1,0,25.0,25.0,25.0,C16 (1),PRODUTIVA (1),HS TELECOM (1),WD3T - HS TELECOM,WD3T - HS TELECOM - C16 - 25.0 m2 - RUA,1,1,0,Somente sabado (1),CABO,Noroeste,VIVIANE TANGARI LEMOS PONTES,VITOR FERNANDO FARIA SARAVALLI,0.14939,0.14939,0.253249,0.240549,0.606735,4.5G,4.5G,1813.33,672.0,472.0,411.0,61.0,288.0,262.0,262.0,0.70073,WD3T,HS TELECOM,RUA,25.0,C16,PRODUTIVA,Somente sabado,09:00 as 18:00,09:00 as 13:00,FECHADO
3534302,ORLANDIA,45289,De 30k a 49k,Mercados em desenvolvimento,-20.7169,-47.8852,1,1,0,51.0,51.0,51.0,C16 (1),PRODUTIVA (1),CELLULAR.COM (1),8I04 - CELLULAR.COM,8I04 - CELLULAR.COM - C16 - 51.0 m2 - RUA,1,1,0,Somente sabado (1),CABO,Noroeste,EDUARDO ALVES DE QUEIROZ,RODRIGO PROSPERO FERREIRA DA SILVA,0.283312,0.283312,0.757998,0.001658,0.049057,4.5G,4G,3389.33,,73.0,32.0,41.0,6.0,387.0,387.0,0.1875,8I04,CELLULAR.COM,RUA,51.0,C16,PRODUTIVA,Somente sabado,09:00 as 18:00,09:00 as 12:00,FECHADO
3534708,OURINHOS,116615,De 100k a 299k,Mercados em desenvolvimento,-22.9797,-49.8697,1,1,0,31.0,31.0,31.0,C16 (1),PRODUTIVA (1),DOUGLAS (1),UC1U - DOUGLAS,UC1U - DOUGLAS - C16 - 31.0 m2 - RUA,1,1,0,Somente sabado (1),CABO,Noroeste,VIVIANE TANGARI LEMOS PONTES,JOAO PAULO VENDRAMINI,0.052485,0.052485,0.130726,0.197515,0.799331,4.5G,4.5G,2092.67,,,,,,4.0,4.0,,UC1U,DOUGLAS,RUA,31.0,C16,PRODUTIVA,Somente sabado,09:00 as 18:00,09:00 as 13:00,FECHADO
3536505,PAULINIA,119572,De 100k a 299k,Mercados tradicionais,-22.7542,-47.1488,1,1,0,64.4,64.4,64.4,C16 (1),PRODUTIVA (1),WCI CELULARES (1),DFA5 - WCI CELULARES,DFA5 - WCI CELULARES - C16 - 64.4 m2 - RUA,1,1,0,Somente sabado (1),CABO,Central,HELBER EMILIANO ZAROS,LEILA CRISTINA NABUCO,0.235011,0.235011,0.397241,0.364138,0.416054,4.5G,4.5G,11130.0,15827.0,37.0,34.0,3.0,5.0,287.0,287.0,0.147059,DFA5,WCI CELULARES,RUA,64.4,C16,PRODUTIVA,Somente sabado,09:00 as 18:00,09:00 as 13:00,FECHADO
3537305,PENAPOLIS,64722,De 50k a 99k,Mercados em desenvolvimento,-21.4148,-50.0769,1,1,0,35.0,35.0,35.0,C16 (1),PRODUTIVA (1),PRIME (1),5YAX - PRIME,5YAX - PRIME - C16 - 35.0 m2 - RUA,1,1,0,Somente sabado (1),CABO,Noroeste,VIVIANE TANGARI LEMOS PONTES,VANIA DIAS MALAMAN,0.237747,0.237747,0.392828,0.150926,0.551015,4.5G,4.5G,2871.67,,542.0,510.0,32.0,133.0,243.0,243.0,0.260784,5YAX,PRIME,RUA,35.0,C16,PRODUTIVA,Somente sabado,09:00 as 18:00,09:00 as 13:00,FECHADO
3537602,PERUIBE,71042,De 50k a 99k,Mercados tradicionais,-24.312,-47.0012,1,1,0,35.0,35.0,35.0,C16 (1),PRODUTIVA (1),DIEGO (1),08GH - DIEGO,08GH - DIEGO - C16 - 35.0 m2 - RUA,1,1,0,Somente sabado (1),CABO,Vale/Litoral,RAFAEL SILVEIRA DE CARVALHO,NELISA APARECIDA BARREIROS FERREIRA,0.377442,0.377442,0.308774,0.092041,0.635362,4.5G,4.5G,12882.33,4666.0,678.0,649.0,29.0,384.0,325.0,325.0,0.59168,08GH,DIEGO,RUA,35.0,C16,PRODUTIVA,Somente sabado,09:00 as 18:00,09:00 as 18:00,FECHADO
3537800,PIEDADE,56057,De 50k a 99k,Mercados em desenvolvimento,-23.7139,-47.4256,1,1,0,50.0,50.0,50.0,C16 (1),PRODUTIVA (1),CELLULAR.COM (1),G7KJ - CELLULAR.COM,G7KJ - CELLULAR.COM - C16 - 50.0 m2 - RUA,1,1,0,Somente sabado (1),CABO,Sudeste,EDUARDO ALVES DE QUEIROZ,VALERIA DE SOUZA ZAMBUZI,0.158315,0.158315,0.14627,0.020075,0.825002,4.5G,4.5G,2823.33,,77.0,66.0,11.0,29.0,132.0,132.0,0.439394,G7KJ,CELLULAR.COM,RUA,50.0,C16,PRODUTIVA,Somente sabado,09:00 as 18:00,09:00 as 13:00,FECHADO
3538006,PINDAMONHANGABA,175275,De 100k a 299k,Mercados em desenvolvimento,-22.9246,-45.4613,2,1,1,33.0,26.0,40.0,C16 (2),PRODUTIVA (2),HS TELECOM (2),78B1 - HS TELECOM; ZM6L - HS TELECOM,78B1 - HS TELECOM - C16 - 40.0 m2 - SHOPPING; ZM6L - HS TELECOM - C16 - 26.0 m2 - RUA,2,2,1,"Sabado e domingo (1), Somente sabado (1)",CABO,Sudeste,RAFAEL SILVEIRA DE CARVALHO,THIAGO BERNARDES VIEIRA,0.429675,0.429675,0.54185,0.189552,0.303417,4.5G,4.5G,23041.0,,670.0,295.0,375.0,174.0,884.0,442.0,0.589831,78B1,HS TELECOM,SHOPPING,40.0,C16,PRODUTIVA,Sabado e domingo,10:00 as 22:00,10:00 as 22:00,14:00 as 20:00
3538709,PIRACICABA,415983,Acima de 300k,Mercados tradicionais,-22.7338,-47.6476,3,2,1,61.8,48.4,71.0,"C16 (2), C11 (1)",PRODUTIVA (3),"FLEX CELL (2), ADESIENE (1)",NM0R - FLEX CELL; LCK9 - ADESIENE; K4HP - FLEX CELL,NM0R - FLEX CELL - C16 - 48.4 m2 - SHOPPING; LCK9 - ADESIENE - C16 - 71.0 m2 - RUA; K4HP - FLEX CELL - C11 - 66.0 m2 - RUA,3,3,1,"Somente sabado (2), Sabado e domingo (1)",CABO,Central,HELBER EMILIANO ZAROS,VIVIAN GABRIELA SOARES MARTINS TOSTES,0.317953,0.317953,0.331537,0.310828,0.483662,4.5G,4.5G,58404.33,32061.0,2315.0,2185.0,130.0,797.0,336.0,112.0,0.36476,NM0R,FLEX CELL,SHOPPING,48.4,C16,PRODUTIVA,Sabado e domingo,10:00 as 22:00,10:00 as 22:00,14:00 as 20:00
3539301,PIRASSUNUNGA,78168,De 50k a 99k,Mercados em desenvolvimento,-21.996,-47.4257,1,1,0,47.8,47.8,47.8,C11 (1),PRODUTIVA (1),CELLULAR.COM (1),0ZXL - CELLULAR.COM,0ZXL - CELLULAR.COM - C11 - 47.8 m2 - RUA,1,1,0,Somente sabado (1),CABO,Sudeste,HELBER EMILIANO ZAROS,RODRIGO DE SOUZA ALBANO,0.136927,0.136927,0.279122,0.163096,0.618788,4.5G,4.5G,3738.67,2767.0,370.0,370.0,0.0,352.0,294.0,294.0,0.951351,0ZXL,CELLULAR.COM,RUA,47.8,C11,PRODUTIVA,Somente sabado,09:00 as 18:00,09:00 as 13:00,FECHADO
3539509,PITANGUEIRAS,41099,De 30k a 49k,-,-21.0132,-48.221,1,1,0,51.0,51.0,51.0,C11 (1),PRODUTIVA (1),CELLULAR.COM (1),1AP6 - CELLULAR.COM,1AP6 - CELLULAR.COM - C11 - 51.0 m2 - RUA,1,1,0,Somente sabado (1),NAO CABO,Oeste,EDUARDO ALVES DE QUEIROZ,FERNANDA BATISTA BARRIONOVO,0.001665,0.001665,0.627885,0.023073,0.235464,4.5G,4.5G,0.0,4685.0,38.0,37.0,1.0,31.0,163.0,163.0,0.837838,1AP6,CELLULAR.COM,RUA,51.0,C11,PRODUTIVA,Somente sabado,09:00 as 18:00,09:00 as 13:00,FECHADO
3540200,PONTAL,53439,De 50k a 99k,Mercados em desenvolvimento,-21.0216,-48.0423,1,1,0,51.0,51.0,51.0,C11 (1),PRODUTIVA (1),CELLULAR.COM (1),KJN4 - CELLULAR.COM,KJN4 - CELLULAR.COM - C11 - 51.0 m2 - RUA,1,1,0,Somente sabado (1),CABO,Noroeste,EDUARDO ALVES DE QUEIROZ,FERNANDA BATISTA BARRIONOVO,0.254302,0.254302,0.596504,0.022247,0.272559,4.5G,4G,1730.0,,1194.0,638.0,556.0,195.0,310.0,310.0,0.305643,KJN4,CELLULAR.COM,RUA,51.0,C11,PRODUTIVA,Somente sabado,09:00 as 18:00,09:00 as 13:00,FECHADO
3540606,PORTO FELIZ,54243,De 50k a 99k,Mercados tradicionais,-23.2093,-47.5251,1,1,0,50.0,50.0,50.0,C16 (1),PRODUTIVA (1),CELLULAR.COM (1),2YQS - CELLULAR.COM,2YQS - CELLULAR.COM - C16 - 50.0 m2 - RUA,1,1,0,Somente sabado (1),CABO,Oeste,EDUARDO ALVES DE QUEIROZ,VALERIA DE SOUZA ZAMBUZI,0.232451,0.232451,0.3786,0.380131,0.58602,4.5G,4.5G,3781.33,,544.0,534.0,10.0,218.0,186.0,186.0,0.40824,2YQS,CELLULAR.COM,RUA,50.0,C16,PRODUTIVA,Somente sabado,09:00 as 18:00,09:00 as 13:00,FECHADO
3540705,PORTO FERREIRA,57487,De 50k a 99k,Mercados em desenvolvimento,-21.8498,-47.487,1,1,0,51.0,51.0,51.0,C16 (1),PRODUTIVA (1),BONELI BIAZI (1),NT7E - BONELI BIAZI,NT7E - BONELI BIAZI - C16 - 51.0 m2 - RUA,1,1,0,Somente sabado (1),CABO,Sudeste,HELBER EMILIANO ZAROS,DAVID GOMES NEGRAO,0.102376,0.102376,0.456625,0.015127,0.502619,4.5G,4.5G,1738.0,1346.0,64.0,64.0,0.0,55.0,335.0,335.0,0.859375,NT7E,BONELI BIAZI,RUA,51.0,C16,PRODUTIVA,Somente sabado,09:00 as 18:00,09:00 as 13:00,FECHADO
3541000,PRAIA GRANDE,347620,Acima de 300k,Mercados tradicionais,-24.0084,-46.4121,2,1,1,40.0,38.0,42.0,C16 (2),PRODUTIVA (2),"FLEX CELL (1), DIEGO (1)",84Q9 - FLEX CELL; 2LOC - DIEGO,84Q9 - FLEX CELL - C16 - 42.0 m2 - SHOPPING; 2LOC - DIEGO - C16 - 38.0 m2 - RUA,2,2,1,"Sabado e domingo (1), Somente sabado (1)",CABO,Vale/Litoral,RAFAEL SILVEIRA DE CARVALHO,PAULA AZEVEDO TIBURCIO,0.320846,0.320846,0.384257,0.399294,0.508796,4.5G,4.5G,65028.0,39029.0,1013.0,982.0,31.0,412.0,496.0,248.0,0.419552,84Q9,FLEX CELL,SHOPPING,42.0,C16,PRODUTIVA,Sabado e domingo,10:00 as 22:00,10:00 as 22:00,15:00 as 21:00
3541406,PRESIDENTE PRUDENTE,234920,De 100k a 299k,Mercados em desenvolvimento,-22.1207,-51.3925,2,1,1,83.6,81.2,86.0,C16 (2),"PRODUTIVA (1), IMPRODUTIVA (1)",CELLULAR.COM (2),Y7KM - CELLULAR.COM; HWJ5 - CELLULAR.COM,Y7KM - CELLULAR.COM - C16 - 86.0 m2 - RUA; HWJ5 - CELLULAR.COM - C16 - 81.2 m2 - SHOPPING,1,2,1,"Somente sabado (1), Sabado e domingo (1)",CABO,Noroeste,VIVIANE TANGARI LEMOS PONTES,NILTON JUNIOR FRANCISCO,0.092749,0.092749,0.165987,0.255813,0.677967,4.5G,4.5G,8970.33,,1283.0,651.0,632.0,139.0,585.0,292.5,0.213518,Y7KM,CELLULAR.COM,RUA,86.0,C16,PRODUTIVA,Somente sabado,09:00 as 18:00,09:00 as 13:00,FECHADO
3541604,PROMISSAO,41948,De 30k a 49k,Mercados em desenvolvimento,-21.5356,-49.8599,1,1,0,24.0,24.0,24.0,C16 (1),PRODUTIVA (1),CONVERGE.NET (1),JOKX - CONVERGE.NET,JOKX - CONVERGE.NET - C16 - 24.0 m2 - RUA,1,1,0,Somente sabado (1),CABO,Noroeste,VIVIANE TANGARI LEMOS PONTES,VG GN VT,0.068289,0.068289,0.554758,0.012904,0.322767,4.5G,4G,967.33,,7.0,7.0,0.0,2.0,209.0,209.0,0.285714,JOKX,CONVERGE.NET,RUA,24.0,C16,PRODUTIVA,Somente sabado,09:00 as 18:00,09:00 as 13:00,FECHADO
3542602,REGISTRO,56548,De 50k a 99k,Mercados em desenvolvimento,-24.4979,-47.8449,1,1,0,50.0,50.0,50.0,C16 (1),PRODUTIVA (1),DIEGO (1),FP4S - DIEGO,FP4S - DIEGO - C16 - 50.0 m2 - RUA,1,1,0,Somente sabado (1),CABO,Sudeste,RAFAEL SILVEIRA DE CARVALHO,NELISA APARECIDA BARREIROS FERREIRA,0.076793,0.076793,0.098537,0.078958,0.832147,4.5G,4.5G,1949.33,,114.0,108.0,6.0,82.0,108.0,108.0,0.759259,FP4S,DIEGO,RUA,50.0,C16,PRODUTIVA,Somente sabado,09:00 as 18:00,09:00 as 18:00,FECHADO
3543402,RIBEIRAO PRETO,736271,Acima de 300k,Mercados tradicionais,-21.1699,-47.8099,6,4,2,60.9,43.9,86.2,C16 (6),"PRODUTIVA (5), IMPRODUTIVA (1)","HS TELECOM (3), CELLULAR.COM (3)",JTX8 - HS TELECOM; PT9F - HS TELECOM; ME4X - CELLULAR.COM; PT1E - HS TELECOM; 7GMI - CELLULAR.COM; 971O - CELLULAR.COM,JTX8 - HS TELECOM - C16 - 86.2 m2 - SHOPPING; PT9F - HS TELECOM - C16 - 47.0 m2 - SHOPPING; ME4X - CELLULAR.COM - C16 - 72.2 m2 - RUA; PT1E - HS TELECOM - C16 - 65.0 m2 - RUA; 7GMI - CELLULAR.COM - C16 - 43.9 m2 - RUA; 971O - CELLULAR.COM - C16 - 51.0 m2 - RUA,5,6,2,"Somente sabado (4), Sabado e domingo (2)",CABO,Oeste,EDUARDO ALVES DE QUEIROZ,RODRIGO PROSPERO FERREIRA DA SILVA,0.315829,0.315829,0.485099,0.278794,0.326696,4.5G,4.5G,97484.0,7244.0,3088.0,2533.0,555.0,651.0,3030.0,505.0,0.257008,JTX8,HS TELECOM,SHOPPING,86.2,C16,PRODUTIVA,Sabado e domingo,10:00 as 22:00,10:00 as 22:00,14:00 as 20:00
3543907,RIO CLARO,212456,De 100k a 299k,Mercados tradicionais,-22.3984,-47.5546,2,1,1,42.8,37.6,48.0,"C16 (1), C11 (1)",PRODUTIVA (2),"FLEX CELL (1), CELLULAR.COM (1)",FG8V - FLEX CELL; FH75 - CELLULAR.COM,FG8V - FLEX CELL - C16 - 37.6 m2 - SHOPPING; FH75 - CELLULAR.COM - C11 - 48.0 m2 - RUA,2,2,1,"Sabado e domingo (1), Somente sabado (1)",CABO,Central,HELBER EMILIANO ZAROS,FREDERICO CARNEIRO SANTIAGO,0.343194,0.343194,0.268688,0.252412,0.641085,4.5G,4.5G,24366.33,8503.0,387.0,346.0,41.0,133.0,234.0,117.0,0.384393,FG8V,FLEX CELL,SHOPPING,37.6,C16,PRODUTIVA,Sabado e domingo,10:00 as 22:00,10:00 as 22:00,1300 as 19:00
3545803,SANTA BARBARA D OESTE,196874,De 100k a 299k,Mercados tradicionais,-22.7553,-47.4143,2,1,1,37.5,30.0,45.0,C16 (2),PRODUTIVA (2),FLEX CELL (2),65PG - FLEX CELL; QW32 - FLEX CELL,65PG - FLEX CELL - C16 - 30.0 m2 - SHOPPING; QW32 - FLEX CELL - C16 - 45.0 m2 - RUA,2,2,1,"Sabado e domingo (1), Somente sabado (1)",CABO,Central,HELBER EMILIANO ZAROS,VIVIAN GABRIELA SOARES MARTINS TOSTES,0.347946,0.347946,0.514084,0.263189,0.304741,4.5G,4.5G,24911.33,18875.0,386.0,293.0,93.0,78.0,,,0.266212,65PG,FLEX CELL,SHOPPING,30.0,C16,PRODUTIVA,Sabado e domingo,10:00 as 22:00,10:00 as 22:00,12:00 as 20:00
3546405,SANTA CRUZ DO RIO PARDO,48692,De 30k a 49k,Mercados em desenvolvimento,-22.8988,-49.6354,1,1,0,33.0,33.0,33.0,C16 (1),IMPRODUTIVA (1),CONVERGE.NET (1),IYNZ - CONVERGE.NET,IYNZ - CONVERGE.NET - C16 - 33.0 m2 - RUA,0,1,0,Somente sabado (1),CABO,Noroeste,VIVIANE TANGARI LEMOS PONTES,VG GN VT,0.050592,0.050592,0.077553,0.138696,0.890593,4G,4.5G,828.67,,3.0,1.0,2.0,0.0,84.0,84.0,0.0,IYNZ,CONVERGE.NET,RUA,33.0,C16,IMPRODUTIVA,Somente sabado,09:00 as 18:00,09:00 as 13:00,FECHADO
3547502,SANTA RITA DO PASSA QUATRO,27696,Até 29K,-,-21.7083,-47.478,1,1,0,51.0,51.0,51.0,C16 (1),PRODUTIVA (1),BONELI BIAZI (1),282U - BONELI BIAZI,282U - BONELI BIAZI - C16 - 51.0 m2 - RUA,1,1,0,Somente sabado (1),NAO CABO,Central,HELBER EMILIANO ZAROS,DAVID GOMES NEGRAO,0.00312,0.00312,0.519776,0.035607,0.389863,4.5G,4G,0.0,468.0,111.0,111.0,0.0,106.0,208.0,208.0,0.954955,282U,BONELI BIAZI,RUA,51.0,C16,PRODUTIVA,Somente sabado,09:00 as 18:00,09:00 as 13:00,FECHADO
3547601,SANTA ROSA DE VITERBO,27352,Até 29K,Mercados em desenvolvimento,-21.4776,-47.3622,1,1,0,51.0,51.0,51.0,C16 (1),PRODUTIVA (1),CELLULAR.COM (1),QH1N - CELLULAR.COM,QH1N - CELLULAR.COM - C16 - 51.0 m2 - RUA,1,1,0,Somente sabado (1),CABO,Noroeste,EDUARDO ALVES DE QUEIROZ,FERNANDA BATISTA BARRIONOVO,0.190169,0.190169,0.902291,0.020295,0.062411,4.5G,4G,1168.33,120.0,1.0,0.0,1.0,0.0,263.0,263.0,,QH1N,CELLULAR.COM,RUA,51.0,C16,PRODUTIVA,Somente sabado,09:00 as 18:00,09:00 as 13:00,FECHADO
3548500,SANTOS,434237,Acima de 300k,Mercados tradicionais,-23.9535,-46.335,2,2,0,60.0,60.0,60.0,C16 (2),PRODUTIVA (2),FLEX CELL (2),Q6ED - FLEX CELL; 60AJ - FLEX CELL,Q6ED - FLEX CELL - C16 - 60.0 m2 - RUA; 60AJ - FLEX CELL - C16 - 60.0 m2 - RUA,2,2,0,Somente sabado (2),CABO,Vale/Litoral,RAFAEL SILVEIRA DE CARVALHO,PAULA AZEVEDO TIBURCIO,0.540405,0.540405,0.481621,0.345052,0.395836,4.5G,4.5G,111220.67,5562.0,1933.0,1893.0,40.0,233.0,,,0.123085,Q6ED,FLEX CELL,RUA,60.0,C16,PRODUTIVA,Somente sabado,09:00 AS 18:00,09:00 as 13:00,FECHADO
3548906,SAO CARLOS,261591,De 100k a 299k,Mercados tradicionais,-22.0174,-47.886,2,2,0,59.0,58.0,60.0,C16 (2),"PRODUTIVA (1), IMPRODUTIVA (1)",CELLULAR.COM (2),PD8V - CELLULAR.COM; 3OWM - CELLULAR.COM,PD8V - CELLULAR.COM - C16 - 60.0 m2 - RUA; 3OWM - CELLULAR.COM - C16 - 58.0 m2 - RUA,1,2,0,Somente sabado (2),CABO,Oeste,EDUARDO ALVES DE QUEIROZ,MARISTELA CAPARROZ DE LIRA SILVA,0.405239,0.405239,0.464314,0.31171,0.457695,4.5G,4.5G,46937.33,26939.0,66.0,63.0,3.0,20.0,804.0,402.0,0.31746,PD8V,CELLULAR.COM,RUA,60.0,C16,PRODUTIVA,Somente sabado,09:00 as 18:00,09:00 as 13:00,FECHADO
3549102,SAO JOAO DA BOA VISTA,93321,De 50k a 99k,Mercados em desenvolvimento,-21.9707,-46.7944,2,2,0,47.0,44.0,50.0,C16 (2),PRODUTIVA (2),"FLEX CELL (1), CELLULAR.COM (1)",QSM5 - FLEX CELL; 764T - CELLULAR.COM,QSM5 - FLEX CELL - C16 - 50.0 m2 - RUA; 764T - CELLULAR.COM - C16 - 44.0 m2 - RUA,2,2,0,Somente sabado (2),CABO,Sudeste,HELBER EMILIANO ZAROS,FREDERICO CARNEIRO SANTIAGO,0.180359,0.180359,0.525243,0.287084,0.393916,4.5G,4.5G,6568.33,,1160.0,1062.0,98.0,395.0,334.0,167.0,0.37194,QSM5,FLEX CELL,RUA,50.0,C16,PRODUTIVA,Somente sabado,09:00 as 18:00,09:00 as 13:00,FECHADO
3549409,SAO JOAQUIM DA BARRA,53530,De 50k a 99k,Mercados em desenvolvimento,-20.5812,-47.8593,1,1,0,37.0,37.0,37.0,C24 (1),PRODUTIVA (1),CELLULAR.COM (1),ZY9G - CELLULAR.COM,ZY9G - CELLULAR.COM - C24 - 37.0 m2 - RUA,1,1,0,Somente sabado (1),CABO,Noroeste,EDUARDO ALVES DE QUEIROZ,RODRIGO PROSPERO FERREIRA DA SILVA,0.295936,0.295936,0.71485,0.002156,0.037878,4.5G,4G,4946.33,,8.0,5.0,3.0,4.0,213.0,213.0,0.8,ZY9G,CELLULAR.COM,RUA,37.0,C24,PRODUTIVA,Somente sabado,09:00 as 18:00,09:00 as 12:00,FECHADO
3549706,SAO JOSE DO RIO PARDO,55593,De 50k a 99k,Mercados em desenvolvimento,-21.5953,-46.8873,1,1,0,37.5,37.5,37.5,C16 (1),PRODUTIVA (1),CELLULAR.COM (1),ANJT - CELLULAR.COM,ANJT - CELLULAR.COM - C16 - 37.5 m2 - RUA,1,1,0,Somente sabado (1),CABO,Sudeste,HELBER EMILIANO ZAROS,RODRIGO DE SOUZA ALBANO,0.103244,0.103244,0.554379,0.249535,0.408356,4.5G,4.5G,1715.33,,583.0,581.0,2.0,567.0,228.0,228.0,0.975904,ANJT,CELLULAR.COM,RUA,37.5,C16,PRODUTIVA,Somente sabado,09:00 as 18:00,09:00 as 13:00,FECHADO
3549805,SAO JOSE DO RIO PRETO,477202,Acima de 300k,Mercados tradicionais,-20.8113,-49.3758,2,1,1,44.0,40.0,48.0,C16 (2),PRODUTIVA (2),HS TELECOM (2),PG8N - HS TELECOM; PG8K - HS TELECOM,PG8N - HS TELECOM - C16 - 48.0 m2 - SHOPPING; PG8K - HS TELECOM - C16 - 40.0 m2 - RUA,2,2,1,"Sabado e domingo (1), Somente sabado (1)",CABO,Oeste,VIVIANE TANGARI LEMOS PONTES,ANA CLINIO DA SILVA,0.294902,0.294902,0.4521,0.36253,0.410645,4.5G,4.5G,58008.67,22704.0,865.0,825.0,40.0,717.0,1226.0,613.0,0.869091,PG8N,HS TELECOM,SHOPPING,48.0,C16,PRODUTIVA,Sabado e domingo,10:00 as 22:00,10:00 as 22:00,14:00 as 20:00
3549904,SAO JOSE DOS CAMPOS,751961,Acima de 300k,Mercados tradicionais,-23.1896,-45.8841,5,0,5,55.5,32.0,110.0,C16 (5),PRODUTIVA (5),"CELLULAR.COM (3), HS TELECOM (2)",ERH6 - HS TELECOM; OZX2 - HS TELECOM; 8KGP - CELLULAR.COM; ES3M - CELLULAR.COM; D58Q - CELLULAR.COM,ERH6 - HS TELECOM - C16 - 110.0 m2 - SHOPPING; OZX2 - HS TELECOM - C16 - 50.0 m2 - SHOPPING; 8KGP - CELLULAR.COM - C16 - 45.0 m2 - SHOPPING; ES3M - CELLULAR.COM - C16 - 40.3 m2 - SHOPPING; D58Q - CELLULAR.COM - C16 - 32.0 m2 - SHOPPING,5,5,4,"Sabado e domingo (4), Somente sabado (1)",CABO,Vale/Litoral,RAFAEL SILVEIRA DE CARVALHO,THIAGO BERNARDES VIEIRA,0.315131,0.315131,0.298023,0.458703,0.503509,4.5G,4.5G,87344.67,24860.0,1947.0,1869.0,78.0,1284.0,2153.0,430.6,0.686998,ERH6,HS TELECOM,SHOPPING,110.0,C16,PRODUTIVA,Sabado e domingo,10:00 as 22:00,10:00 as 22:00,14:00 as 20:00
3550100,SAO MANUEL,41578,De 30k a 49k,-,-22.7321,-48.5723,1,1,0,50.0,50.0,50.0,C16 (1),PRODUTIVA (1),DOUGLAS (1),81DQ - DOUGLAS,81DQ - DOUGLAS - C16 - 50.0 m2 - RUA,1,1,0,Somente sabado (1),NAO CABO,Oeste,VIVIANE TANGARI LEMOS PONTES,JOAO PAULO VENDRAMINI,0.00185,0.00185,0.549898,0.013226,0.415965,4.5G,4.5G,0.0,6215.0,31.0,30.0,1.0,21.0,2.0,2.0,0.7,81DQ,DOUGLAS,RUA,50.0,C16,PRODUTIVA,Somente sabado,09:00 as 18:00,09:00 as 13:00,FECHADO
3550704,SAO SEBASTIAO,94219,De 50k a 99k,Mercados tradicionais,-23.7951,-45.4143,1,1,0,51.0,51.0,51.0,C16 (1),PRODUTIVA (1),CELLULAR.COM (1),2STD - CELLULAR.COM,2STD - CELLULAR.COM - C16 - 51.0 m2 - RUA,1,1,0,Somente sabado (1),CABO,Vale/Litoral,RAFAEL SILVEIRA DE CARVALHO,NATAN DOS SANTOS MOREIRA LIMA,0.185625,0.185625,0.327096,0.214105,0.522629,4.5G,4.5G,8075.0,,530.0,487.0,43.0,57.0,260.0,260.0,0.117043,2STD,CELLULAR.COM,RUA,51.0,C16,PRODUTIVA,Somente sabado,09:00 AS 18:00,09:00 as 13:00,FECHADO
3551009,SAO VICENTE,375492,Acima de 300k,Mercados tradicionais,-23.9574,-46.3883,2,0,2,52.0,52.0,52.0,C16 (2),PRODUTIVA (2),FLEX CELL (2),K19U - FLEX CELL; BIVZ - FLEX CELL,K19U - FLEX CELL - C16 - 52.0 m2 - SHOPPING; BIVZ - FLEX CELL - C16 - 52.0 m2 - SHOPPING,2,2,1,"Sabado e domingo (1), Somente sabado (1)",CABO,Vale/Litoral,RAFAEL SILVEIRA DE CARVALHO,PAULA AZEVEDO TIBURCIO,0.270699,0.270699,0.466093,0.270372,0.413172,4.5G,4.5G,32474.33,27063.0,2151.0,2138.0,13.0,1789.0,,,0.836763,K19U,FLEX CELL,SHOPPING,52.0,C16,PRODUTIVA,Sabado e domingo,10:00 as 22:00,10:00 as 22:00,15:00 as 21:00
3551504,SERRANA,47182,De 30k a 49k,Mercados em desenvolvimento,-21.2043,-47.5952,1,1,0,51.0,51.0,51.0,C16 (1),PRODUTIVA (1),CELLULAR.COM (1),LNJ9 - CELLULAR.COM,LNJ9 - CELLULAR.COM - C16 - 51.0 m2 - RUA,1,1,0,Somente sabado (1),CABO,Noroeste,EDUARDO ALVES DE QUEIROZ,RODRIGO PROSPERO FERREIRA DA SILVA,0.316223,0.316223,0.696849,0.007978,0.195969,4.5G,4.5G,4355.33,,11.0,10.0,1.0,9.0,287.0,287.0,0.9,LNJ9,CELLULAR.COM,RUA,51.0,C16,PRODUTIVA,Somente sabado,09:00 as 18:00,09:00 as 13:00,FECHADO
3551702,SERTAOZINHO,130924,De 100k a 299k,Mercados tradicionais,-21.1316,-47.9875,2,2,0,60.0,45.0,75.0,C16 (2),PRODUTIVA (2),HS TELECOM (2),PG8H - HS TELECOM; VUI6 - HS TELECOM,PG8H - HS TELECOM - C16 - 75.0 m2 - RUA; VUI6 - HS TELECOM - C16 - 45.0 m2 - RUA,2,2,0,Somente sabado (2),CABO,Oeste,EDUARDO ALVES DE QUEIROZ,FERNANDA BATISTA BARRIONOVO,0.220792,0.220792,0.653859,0.221611,0.242402,4.5G,4.5G,11241.67,,131.0,126.0,5.0,109.0,1025.0,512.5,0.865079,PG8H,HS TELECOM,RUA,75.0,C16,PRODUTIVA,Somente sabado,09:00 as 18:00,09:00 as 13:00,FECHADO
3552205,SOROCABA,710854,Acima de 300k,Mercados tradicionais,-23.4969,-47.4451,5,2,3,76.0,45.0,100.0,C16 (5),"PRODUTIVA (4), IMPRODUTIVA (1)","HS TELECOM (3), CELLULAR.COM (2)",RUCT - CELLULAR.COM; 65MC - HS TELECOM; PT9H - HS TELECOM; PT9G - HS TELECOM; I28W - CELLULAR.COM,RUCT - CELLULAR.COM - C16 - 90.0 m2 - SHOPPING; 65MC - HS TELECOM - C16 - 85.0 m2 - SHOPPING; PT9H - HS TELECOM - C16 - 100.0 m2 - RUA; PT9G - HS TELECOM - C16 - 60.0 m2 - SHOPPING; I28W - CELLULAR.COM - C16 - 45.0 m2 - RUA,4,5,3,"Sabado e domingo (3), Somente sabado (2)",CABO,Oeste,EDUARDO ALVES DE QUEIROZ,VALERIA DE SOUZA ZAMBUZI,0.431541,0.431541,0.407392,0.245838,0.471879,4.5G,4.5G,129548.67,40049.0,5443.0,4921.0,522.0,2218.0,2481.0,496.2,0.450721,RUCT,CELLULAR.COM,SHOPPING,90.0,C16,PRODUTIVA,Sabado e domingo,10:00 AS 22:00,10:00 AS 22:00,12:00 AS 20:00
3552403,SUMARE,297054,De 100k a 299k,Mercados tradicionais,-22.8204,-47.2728,2,2,0,34.0,28.0,40.0,C16 (2),PRODUTIVA (2),DOM BARRETO (2),TOJ0 - DOM BARRETO; E7UC - DOM BARRETO,TOJ0 - DOM BARRETO - C16 - 40.0 m2 - RUA; E7UC - DOM BARRETO - C16 - 28.0 m2 - RUA,2,2,0,Somente sabado (2),CABO,Central,HELBER EMILIANO ZAROS,DAVID GOMES NEGRAO,0.183377,0.183377,0.431638,0.298768,0.360306,4.5G,4.5G,17230.67,47648.0,16.0,14.0,2.0,13.0,810.0,405.0,0.928571,TOJ0,DOM BARRETO,RUA,40.0,C16,PRODUTIVA,Somente sabado,09:00 as 18:00,09:00 as 13:00,FECHADO
3554003,TATUI,126378,De 100k a 299k,Mercados em desenvolvimento,-23.3487,-47.8461,1,1,0,36.0,36.0,36.0,C16 (1),PRODUTIVA (1),CELLULAR.COM (1),NIMT - CELLULAR.COM,NIMT - CELLULAR.COM - C16 - 36.0 m2 - RUA,1,1,0,Somente sabado (1),CABO,Sudeste,EDUARDO ALVES DE QUEIROZ,VALERIA DE SOUZA ZAMBUZI,0.209109,0.209109,0.288922,0.111319,0.649714,4.5G,4.5G,10456.67,23892.0,1937.0,1893.0,44.0,636.0,496.0,496.0,0.335975,NIMT,CELLULAR.COM,RUA,36.0,C16,PRODUTIVA,Somente sabado,09:00 as 18:00,09:00 as 13:00,FECHADO
3554102,TAUBATE,326394,Acima de 300k,Mercados tradicionais,-23.0104,-45.5593,3,2,1,62.3,47.0,90.0,C16 (3),"PRODUTIVA (2), ATENCAO (1)",CELLULAR.COM (3),5MEN - CELLULAR.COM; 8MCU - CELLULAR.COM; 3U6T - CELLULAR.COM,5MEN - CELLULAR.COM - C16 - 90.0 m2 - RUA; 8MCU - CELLULAR.COM - C16 - 50.0 m2 - RUA; 3U6T - CELLULAR.COM - C16 - 47.0 m2 - SHOPPING,2,3,1,"Somente sabado (2), Sabado e domingo (1)",CABO,Vale/Litoral,RAFAEL SILVEIRA DE CARVALHO,CAMILA DEOLINDA SALGADO,0.343001,0.343001,0.466932,0.325664,0.392931,4.5G,4.5G,42407.0,16034.0,1480.0,1459.0,21.0,1156.0,833.0,277.7,0.792324,5MEN,CELLULAR.COM,RUA,90.0,C16,PRODUTIVA,Somente sabado,09:00 AS 18:00,08:00 as 13:00,FECHADO
3554508,TIETE,43773,De 30k a 49k,Mercados tradicionais,-23.1101,-47.7164,1,1,0,50.0,50.0,50.0,C16 (1),PRODUTIVA (1),ADESIENE (1),XTHG - ADESIENE,XTHG - ADESIENE - C16 - 50.0 m2 - RUA,1,1,0,Somente sabado (1),CABO,Oeste,EDUARDO ALVES DE QUEIROZ,GLAUCIA CAVALCANTE MARTINS,0.118532,0.118532,0.352,0.179688,0.618117,4.5G,4.5G,1787.33,5476.0,24.0,23.0,1.0,10.0,154.0,154.0,0.434783,XTHG,ADESIENE,RUA,50.0,C16,PRODUTIVA,Somente sabado,09:00 AS 18:00,09:00 as 13:00,FECHADO
3554805,TREMEMBE,49225,De 30k a 49k,Mercados em desenvolvimento,-22.9571,-45.5475,1,1,0,18.0,18.0,18.0,C16 (1),PRODUTIVA (1),CELLULAR.COM (1),57HL - CELLULAR.COM,57HL - CELLULAR.COM - C16 - 18.0 m2 - RUA,1,1,0,Somente sabado (1),CABO,Sudeste,RAFAEL SILVEIRA DE CARVALHO,NATAN DOS SANTOS MOREIRA LIMA,0.412763,0.412763,0.543201,0.171963,0.383109,4.5G,4.5G,6216.0,1048.0,21.0,19.0,2.0,15.0,252.0,252.0,0.789474,57HL,CELLULAR.COM,RUA,18.0,C16,PRODUTIVA,Somente sabado,09:00 AS 18:00,08:00 as 13:00,FECHADO
3555000,TUPA,65641,De 50k a 99k,-,-21.9335,-50.5191,1,1,0,25.0,25.0,25.0,C16 (1),ATENCAO (1),CONVERGE.NET (1),L34L - CONVERGE.NET,L34L - CONVERGE.NET - C16 - 25.0 m2 - RUA,0,1,0,Somente sabado (1),NAO CABO,Oeste,VIVIANE TANGARI LEMOS PONTES,VG GN VT,0.001776,0.001776,0.086186,0.215463,0.895801,4.5G,4.5G,0.0,,23.0,21.0,2.0,0.0,40.0,40.0,0.0,L34L,CONVERGE.NET,RUA,25.0,C16,ATENCAO,Somente sabado,09:00 as 18:00,09:00 as 13:00,FECHADO
3555406,UBATUBA,94749,De 50k a 99k,Mercados tradicionais,-23.4332,-45.0834,1,1,0,36.0,36.0,36.0,C16 (1),PRODUTIVA (1),CELLULAR.COM (1),K1DN - CELLULAR.COM,K1DN - CELLULAR.COM - C16 - 36.0 m2 - RUA,1,1,0,Somente sabado (1),CABO,Vale/Litoral,RAFAEL SILVEIRA DE CARVALHO,NATAN DOS SANTOS MOREIRA LIMA,0.265931,0.265931,0.384144,0.106519,0.554219,4.5G,4.5G,14371.0,,2655.0,1748.0,907.0,210.0,384.0,384.0,0.120137,K1DN,CELLULAR.COM,RUA,36.0,C16,PRODUTIVA,Somente sabado,09:00 AS 18:00,09:00 as 13:00,FECHADO
3556206,VALINHOS,137041,De 100k a 299k,Mercados tradicionais,-22.9698,-46.9974,2,1,1,40.2,38.1,42.2,"C11 (1), C16 (1)","PRODUTIVA (1), IMPRODUTIVA (1)",HS TELECOM (2),50L4 - HS TELECOM; N8J5 - HS TELECOM,50L4 - HS TELECOM - C11 - 42.2 m2 - RUA; N8J5 - HS TELECOM - C16 - 38.1 m2 - SHOPPING,1,2,1,"Somente sabado (1), Sabado e domingo (1)",CABO,Central,HELBER EMILIANO ZAROS,WILLIAM DE OLIVEIRA BONFIM,0.333364,0.333364,0.487755,0.470354,0.396881,4.5G,4.5G,18146.33,6780.0,1196.0,1176.0,20.0,628.0,651.0,325.5,0.534014,50L4,HS TELECOM,RUA,42.2,C11,PRODUTIVA,Somente sabado,09:00 AS 18:00,09:00 as 13:00,FECHADO
3556305,VALPARAISO,27803,Até 29K,Mercados em desenvolvimento,-21.2229,-50.8699,1,1,0,40.0,40.0,40.0,C11 (1),PRODUTIVA (1),PRIME (1),JF0B - PRIME,JF0B - PRIME - C11 - 40.0 m2 - RUA,1,1,0,Somente sabado (1),CABO,Noroeste,VIVIANE TANGARI LEMOS PONTES,VANIA DIAS MALAMAN,0.324605,0.324605,0.663737,0.019859,0.284849,4.5G,4.5G,1589.33,,515.0,510.0,5.0,34.0,288.0,288.0,0.066667,JF0B,PRIME,RUA,40.0,C11,PRODUTIVA,Somente sabado,09:00 as 18:00,09:00 as 13:00,FECHADO
3556701,VINHEDO,84318,De 50k a 99k,Mercados tradicionais,-23.0302,-46.9833,1,1,0,30.4,30.4,30.4,C16 (1),PRODUTIVA (1),HS TELECOM (1),508N - HS TELECOM,508N - HS TELECOM - C16 - 30.4 m2 - RUA,1,1,0,Somente sabado (1),CABO,Central,HELBER EMILIANO ZAROS,WILLIAM DE OLIVEIRA BONFIM,0.104456,0.104456,0.407812,0.52364,0.477347,4G,4.5G,3246.33,4033.0,542.0,536.0,6.0,479.0,337.0,337.0,0.893657,508N,HS TELECOM,RUA,30.4,C16,PRODUTIVA,Somente sabado,09:00 AS 18:00,08:00 as 13:00,FECHADO
3556800,VIRADOURO,19350,Até 29K,-,-20.8734,-48.293,1,1,0,40.0,40.0,40.0,C11 (1),ATENCAO (1),VIRACLARO (1),PE9P - VIRACLARO,PE9P - VIRACLARO - C11 - 40.0 m2 - RUA,0,1,0,Somente sabado (1),NAO CABO,Oeste,VIVIANE TANGARI LEMOS PONTES,VITOR FERNANDO FARIA SARAVALLI,0.001646,0.001646,0.817813,0.016822,0.15744,4.5G,4G,0.0,,12.0,12.0,0.0,2.0,127.0,127.0,0.166667,PE9P,VIRACLARO,RUA,40.0,C11,ATENCAO,Somente sabado,09:00 as 18:00,09:00 as 13:00,FECHADO
3557006,VOTORANTIM,126102,De 100k a 299k,Mercados tradicionais,-23.5446,-47.4388,1,0,1,50.0,50.0,50.0,C16 (1),PRODUTIVA (1),HS TELECOM (1),PT5E - HS TELECOM,PT5E - HS TELECOM - C16 - 50.0 m2 - SHOPPING,1,1,1,Sabado e domingo (1),CABO,Oeste,EDUARDO ALVES DE QUEIROZ,GLAUCIA CAVALCANTE MARTINS,0.245667,0.245667,0.336879,0.222886,0.58976,4.5G,4.5G,11952.0,4879.0,32.0,25.0,7.0,14.0,284.0,284.0,0.56,PT5E,HS TELECOM,SHOPPING,50.0,C16,PRODUTIVA,Sabado e domingo,10:00 AS 22:00,10:00 AS 22:00,12:00 AS 20:00
3557105,VOTUPORANGA,97565,De 50k a 99k,Mercados em desenvolvimento,-20.4237,-49.9781,1,1,0,45.0,45.0,45.0,C16 (1),PRODUTIVA (1),HS TELECOM (1),PG8J - HS TELECOM,PG8J - HS TELECOM - C16 - 45.0 m2 - RUA,1,1,0,Somente sabado (1),CABO,Noroeste,VIVIANE TANGARI LEMOS PONTES,ANA CLINIO DA SILVA,0.092488,0.092488,0.228631,0.19536,0.658182,4.5G,4.5G,2449.33,,447.0,53.0,394.0,30.0,363.0,363.0,0.566038,PG8J,HS TELECOM,RUA,45.0,C16,PRODUTIVA,Somente sabado,09:00 as 18:00,09:00 as 13:00,FECHADO
