pdv,grupo,cidade,ibge,localidade,m2,nome_local,horario_semana,horario_sabado,horario_domingo,fim_semana,conceito,quartil,quartil_dados,quartil_tv,quartil_conta,quartil_controle,media_produtividade,tipo_cabo,gn,filial,territorio,populacao,faixa_pop,segmento_porte,abre_sabado,abre_domingo,lat,lon,share_claro_bl,share_claro_pos,tecnologia_claro,hp_total,hp_livre_original,base_claro,is_xpto,readiness_score,senhas_emitidas,senhas_atendidas,senhas_canceladas,senhas_suspeitas,senhas_zero,dias_com_senha,tempo_atendimento_medio_seg,tempo_atendimento_mediano_seg,taxa_suspeita,fluxo_atendimentos,fluxo_movel,fluxo_residencial,fluxo_conta,fluxo_controle,fluxo_bl,fluxo_bl_fixo,share_claro,acao_operacional,demanda_externa_teorica,cidades_origem_qtd,cidades_origem
HFQJ,TAMIRIS,IBITINGA,3519600,RUA,66.0,-,09:00 as 18:00,09:00 as 13:00,FECHADO,Somente sabado,C11,0,Não Cabo,Q4,Q4,Q4,IMPRODUTIVA,NAO CABO,MARISTELA CAPARROZ DE LIRA SILVA,EDUARDO ALVES DE QUEIROZ,Oeste,62204,De 50k a 99k,-,True,False,-21.7562,-48.8319,0.000860992724611477,0.19373174390147627,4.5G,,,0.0,False,71.5,40.0,39.0,1.0,1.0,0.0,10.0,364.358974358,205.0,0.02564102564102564,,,,,,,,0.000860992724611477,ROTINA,7432.0,4,"BORBOREMA, ITAPOLIS, NOVA EUROPA, TABATINGA"
ZY9G,CELLULAR.COM,SAO JOAQUIM DA BARRA,3549409,RUA,37.0,-,09:00 as 18:00,09:00 as 12:00,FECHADO,Somente sabado,C24,2,Q1,Q4,Q2,Q1,PRODUTIVA,CABO,RODRIGO PROSPERO FERREIRA DA SILVA,EDUARDO ALVES DE QUEIROZ,Noroeste,53530,De 50k a 99k,Mercados em desenvolvimento,True,False,-20.5812,-47.8593,0.29593585844622616,0.7148502811977504,4.5G,20429.0,15034.0,4946.333333333333,False,164.25,8.0,5.0,3.0,4.0,0.0,2.0,34.0,26.0,0.8,213.0,185.0,42.0,19.0,38.0,1.0,39.0,0.29593585844622616,ROTINA,0.0,0,
2VB3,FLEX CELL,AMPARO,3501905,RUA,23.8,-,09:00 as 18:00,09:00 as 13:00,FECHADO,Somente sabado,C11,0,Q4,Q4,Q4,Q4,PRODUTIVA,CABO,RAFAEL MICHELINI MENONCELLO,HELBER EMILIANO ZAROS,Sudeste,74017,De 50k a 99k,Mercados em desenvolvimento,True,False,-22.7088,-46.772,0.2529791816223977,0.22566887155691578,4.5G,26284.0,19220.0,6416.333333333333,False,100.95,71.0,65.0,6.0,1.0,0.0,22.0,252.661538461,188.0,0.015384615384615385,,,,,,,,0.2529791816223977,ROTINA,2874.0,2,"MONTE ALEGRE DO SUL, SERRA NEGRA"
3OWM,CELLULAR.COM,SAO CARLOS,3548906,RUA,58.0,-,09:00 as 18:00,09:00 as 13:00,FECHADO,Somente sabado,C16,0,Q4,Q4,Q4,Q4,IMPRODUTIVA,CABO,MARISTELA CAPARROZ DE LIRA SILVA,EDUARDO ALVES DE QUEIROZ,Oeste,261591,De 100k a 299k,Mercados tradicionais,True,False,-22.0174,-47.886,0.40523881564728764,0.4643142980748432,4.5G,161255.0,112218.0,46937.333333333336,False,99.5,8.0,8.0,0.0,3.0,0.0,4.0,347.5,348.5,0.375,224.0,210.0,15.0,13.0,28.0,1.0,10.0,0.40523881564728764,ROTINA,3818.0,2,"IBATE, RIBEIRAO BONITO"
7GMI,CELLULAR.COM,RIBEIRAO PRETO,3543402,RUA,43.9,-,09:00 as 18:00,09:00 as 13:00,FECHADO,Somente sabado,C16,1,Q3,Q4,Q2,Q1,PRODUTIVA,CABO,FERNANDA BATISTA BARRIONOVO,EDUARDO ALVES DE QUEIROZ,Oeste,736271,Acima de 300k,Mercados tradicionais,True,False,-21.1699,-47.8099,0.31582934647326016,0.4850988678804666,4.5G,356532.0,252102.0,97484.0,False,135.975,5.0,5.0,0.0,4.0,0.0,3.0,22.4,10.0,0.8,466.0,417.0,49.0,45.0,75.0,1.0,40.0,0.31582934647326016,MONITORAR ALTO VOLUME,0.0,0,
QW32,FLEX CELL,SANTA BARBARA D OESTE,3545803,RUA,45.0,-,09:00 AS 18:00,09:00 as 13:00,FECHADO,Somente sabado,C16,0,Q3,Q4,Q3,Q2,PRODUTIVA,CABO,FREDERICO CARNEIRO SANTIAGO,HELBER EMILIANO ZAROS,Central,196874,De 100k a 299k,Mercados tradicionais,True,False,-22.7553,-47.4143,0.3479463596152496,0.5140844544374809,4.5G,94178.0,68246.0,24911.333333333332,False,136.25,281.0,192.0,89.0,71.0,0.0,13.0,612.40625,147.0,0.3697916666666667,,,,,,,,0.3479463596152496,ROTINA,0.0,0,
PG8N,HS TELECOM,SAO JOSE DO RIO PRETO,3549805,SHOPPING,48.0,RIO PRETO SHOPPING,10:00 as 22:00,10:00 as 22:00,14:00 as 20:00,Sabado e domingo,C16,4,Q1,Q1,Q1,Q1,PRODUTIVA,CABO,ANA CLINIO DA SILVA,VIVIANE TANGARI LEMOS PONTES,Oeste,477202,Acima de 300k,Mercados tradicionais,True,True,-20.8113,-49.3758,0.29490213270496335,0.4520995806016554,4.5G,242798.0,180130.0,58008.666666666664,False,145.0,126.0,106.0,20.0,68.0,0.0,11.0,1054.849056603,23.0,0.6415094339622641,679.0,556.0,123.0,109.0,107.0,1.0,84.0,0.29490213270496335,MONITORAR ALTO VOLUME,726.0,4,"BADY BASSITT, CEDRAL, GUAPIACU, UCHOA"
QH1N,CELLULAR.COM,SANTA ROSA DE VITERBO,3547601,RUA,51.0,-,09:00 as 18:00,09:00 as 13:00,FECHADO,Somente sabado,C16,0,Q3,Q4,Q4,Q4,PRODUTIVA,CABO,FERNANDA BATISTA BARRIONOVO,EDUARDO ALVES DE QUEIROZ,Noroeste,27352,Até 29K,Mercados em desenvolvimento,True,False,-21.4776,-47.3622,0.19016868740115972,0.9022906496432594,4.5G,10470.0,8951.0,1168.3333333333333,False,137.75,1.0,0.0,1.0,0.0,0.0,1.0,,,,263.0,228.0,35.0,18.0,37.0,2.0,22.0,0.19016868740115972,ROTINA,0.0,0,
PT2E,HS TELECOM,BARRETOS,3505500,RUA,68.0,-,09:00 as 18:00,09:00 as 13:00,FECHADO,Somente sabado,C16,4,Q1,Q1,Q1,Q1,PRODUTIVA,CABO,VITOR FERNANDO FARIA SARAVALLI,VIVIANE TANGARI LEMOS PONTES,Noroeste,124862,De 100k a 299k,Mercados em desenvolvimento,True,False,-20.5531,-48.5698,0.10309461351847103,0.44642653956534384,4.5G,43688.0,38231.0,4370.0,False,142.0,275.0,275.0,0.0,247.0,5.0,9.0,170.476363636,6.0,0.8981818181818182,526.0,453.0,73.0,72.0,107.0,1.0,51.0,0.10309461351847103,VALIDAR PROCESSO DE SENHAS,1095.0,2,"COLINA, JABORANDI"
QDXW,CELLULAR.COM,CRAVINHOS,3513108,RUA,51.0,-,09:00 as 18:00,09:00 as 13:00,FECHADO,Somente sabado,C16,1,Q1,Q3,Q4,Q2,PRODUTIVA,CABO,MARIA ROSÂNGELA DE JESUS,EDUARDO ALVES DE QUEIROZ,Noroeste,36386,De 30k a 49k,Mercados em desenvolvimento,True,False,-21.338,-47.7324,0.22782373074729037,0.7530066555092827,4.5G,14855.0,11519.0,2773.0,False,137.75,1464.0,1322.0,142.0,452.0,0.0,26.0,815.202723146,183.0,0.34190620272314676,355.0,311.0,57.0,23.0,53.0,2.0,52.0,0.22782373074729037,ROTINA,0.0,0,
PT0E,HS TELECOM,ARARAQUARA,3503208,RUA,90.64,-,09:00 as 18:00,09:00 as 13:00,FECHADO,Somente sabado,C16,4,Q1,Q1,Q1,Q1,PRODUTIVA,CABO,MARISTELA CAPARROZ DE LIRA SILVA,EDUARDO ALVES DE QUEIROZ,Oeste,244769,De 100k a 299k,Mercados tradicionais,True,False,-21.7845,-48.178,0.2736325346573317,0.2338481084283968,4.5G,154641.0,123600.0,29608.666666666668,False,147.66,2573.0,2135.0,438.0,2050.0,11.0,22.0,34.564871194,7.0,0.9601873536299765,765.0,600.0,165.0,206.0,95.0,1.0,111.0,0.2736325346573317,VALIDAR PROCESSO DE SENHAS,5547.0,6,"AMERICO BRASILIENSE, BOA ESPERANCA DO SUL, GUATAPARA, RINCAO, SANTA LUCIA, TRABIJU"
KJN4,CELLULAR.COM,PONTAL,3540200,RUA,51.0,-,09:00 as 18:00,09:00 as 13:00,FECHADO,Somente sabado,C11,0,Q2,Q2,Q3,Q2,PRODUTIVA,CABO,FERNANDA BATISTA BARRIONOVO,EDUARDO ALVES DE QUEIROZ,Noroeste,53439,De 50k a 99k,Mercados em desenvolvimento,True,False,-21.0216,-48.0423,0.25430186823992135,0.5965043695380774,4.5G,13488.0,11233.0,1730.0,False,107.75,1194.0,638.0,556.0,195.0,0.0,25.0,1080.84952978,201.5,0.3056426332288401,310.0,278.0,38.0,36.0,36.0,2.0,28.0,0.25430186823992135,ROTINA,0.0,0,
NYA0,CELLULAR.COM,BRODOWSKI,3507803,RUA,30.0,-,09:00 as 18:00,09:00 as 13:00,FECHADO,Somente sabado,C16,0,Não Cabo,Q4,Q4,Q4,ATENCAO,NAO CABO,MARIA ROSÂNGELA DE JESUS,EDUARDO ALVES DE QUEIROZ,Oeste,26248,Até 29K,-,True,False,-20.9845,-47.6572,0.0012907389480477573,0.8161972697085229,4.5G,,,0.0,False,112.5,1.0,1.0,0.0,1.0,0.0,1.0,39.0,39.0,1.0,133.0,128.0,4.0,0.0,11.0,0.0,0.0,0.0012907389480477573,ROTINA,0.0,0,
XK3I,CELLULAR.COM,IGARAPAVA,3520103,RUA,36.0,-,09:00 as 18:00,09:00 as 12:00,FECHADO,Somente sabado,C16,0,Não Cabo,Q4,Q4,Q4,ATENCAO,NAO CABO,RODRIGO PROSPERO FERREIRA DA SILVA,EDUARDO ALVES DE QUEIROZ,Oeste,31118,De 30k a 49k,-,True,False,-20.0407,-47.7466,0.0021102611448166712,0.604632645674991,4.5G,,,0.0,False,114.0,,,,,,,,,,159.0,159.0,0.0,2.0,41.0,0.0,0.0,0.0021102611448166712,ROTINA,0.0,0,
1L9B,CELLULAR.COM,ESPIRITO SANTO DO PINHAL,3515186,RUA,90.0,-,09:00 as 18:00,09:00 as 13:00,FECHADO,Somente sabado,C11,0,Q2,Q2,Q3,Q2,PRODUTIVA,CABO,RODRIGO DE SOUZA ALBANO,HELBER EMILIANO ZAROS,Sudeste,44836,De 30k a 49k,Mercados em desenvolvimento,True,False,-22.1909,-46.7477,0.1625871908687381,0.5897386178546498,4.5G,12693.0,9933.0,2428.0,False,117.5,267.0,257.0,10.0,256.0,3.0,22.0,8.513618677,7.0,0.9961089494163424,396.0,334.0,62.0,52.0,67.0,0.0,40.0,0.1625871908687381,VALIDAR PROCESSO DE SENHAS,0.0,0,
78B1,HS TELECOM,PINDAMONHANGABA,3538006,SHOPPING,40.0,PATIO PINDA,10:00 as 22:00,10:00 as 22:00,14:00 as 20:00,Sabado e domingo,C16,1,Q1,Q2,Q2,Q3,PRODUTIVA,CABO,THIAGO BERNARDES VIEIRA,RAFAEL SILVEIRA DE CARVALHO,Sudeste,175275,De 100k a 299k,Mercados em desenvolvimento,True,True,-22.9246,-45.4613,0.4296746138851402,0.5418500906907201,4.5G,78851.0,55317.0,23041.0,False,143.0,54.0,54.0,0.0,40.0,0.0,11.0,354.648148148,18.5,0.7407407407407407,314.0,247.0,67.0,24.0,41.0,0.0,55.0,0.4296746138851402,ROTINA,0.0,0,
ES3M,CELLULAR.COM,SAO JOSE DOS CAMPOS,3549904,SHOPPING,40.3,SHOPPING CENTER VALE,10:00 as 22:00,10:00 as 22:00,12:00 as 20:00,Sabado e domingo,C16,0,Q3,Q2,Q2,Q4,PRODUTIVA,CABO,CAMILA DEOLINDA SALGADO,RAFAEL SILVEIRA DE CARVALHO,Vale/Litoral,751961,Acima de 300k,Mercados tradicionais,True,True,-23.1896,-45.8841,0.31513054644029104,0.2980232482988487,4.5G,413436.0,321558.0,87344.66666666667,False,143.075,264.0,260.0,4.0,222.0,1.0,26.0,309.884615384,10.0,0.8538461538461538,410.0,358.0,73.0,58.0,37.0,2.0,48.0,0.31513054644029104,VALIDAR PROCESSO DE SENHAS,0.0,0,
PG8L,HS TELECOM,MARILIA,3529005,RUA,94.0,-,09:00 as 18:00,09:00 as 13:00,FECHADO,Somente sabado,C16,4,Q1,Q1,Q1,Q1,PRODUTIVA,CABO,JOAO PAULO VENDRAMINI,VIVIANE TANGARI LEMOS PONTES,Noroeste,245361,De 100k a 299k,Mercados em desenvolvimento,True,False,-22.2171,-49.9501,0.33645422408934883,0.21542297674780223,4.5G,136607.0,108575.0,26446.0,False,148.5,258.0,182.0,76.0,98.0,0.0,14.0,679.093406593,40.0,0.5384615384615384,717.0,611.0,106.0,99.0,173.0,16.0,63.0,0.33645422408934883,MONITORAR ALTO VOLUME,0.0,0,
PG8K,HS TELECOM,SAO JOSE DO RIO PRETO,3549805,RUA,40.0,-,09:00 as 18:00,09:00 as 13:00,FECHADO,Somente sabado,C16,3,Q1,Q2,Q1,Q1,PRODUTIVA,CABO,ANA CLINIO DA SILVA,VIVIANE TANGARI LEMOS PONTES,Oeste,477202,Acima de 300k,Mercados tradicionais,True,False,-20.8113,-49.3758,0.29490213270496335,0.4520995806016554,4.5G,242798.0,180130.0,58008.666666666664,False,135.0,739.0,719.0,20.0,649.0,6.0,12.0,394.521557719,9.0,0.9026425591098748,547.0,469.0,78.0,67.0,90.0,0.0,66.0,0.29490213270496335,VALIDAR PROCESSO DE SENHAS,726.0,4,"BADY BASSITT, CEDRAL, GUAPIACU, UCHOA"
PT1E,HS TELECOM,RIBEIRAO PRETO,3543402,RUA,65.0,-,09:00 as 18:00,09:00 as 12:00,FECHADO,Somente sabado,C16,3,Q2,Q1,Q1,Q1,PRODUTIVA,CABO,RODRIGO PROSPERO FERREIRA DA SILVA,EDUARDO ALVES DE QUEIROZ,Oeste,736271,Acima de 300k,Mercados tradicionais,True,False,-21.1699,-47.8099,0.31582934647326016,0.4850988678804666,4.5G,356532.0,252102.0,97484.0,False,141.25,2284.0,2143.0,141.0,430.0,3.0,22.0,915.044797013,293.0,0.20065328978068128,682.0,610.0,72.0,83.0,144.0,0.0,31.0,0.31582934647326016,MONITORAR ALTO VOLUME,0.0,0,
5MEN,CELLULAR.COM,TAUBATE,3554102,RUA,90.0,-,09:00 AS 18:00,08:00 as 13:00,FECHADO,Somente sabado,C16,0,Q4,Q4,Q4,Q4,PRODUTIVA,CABO,CAMILA DEOLINDA SALGADO,RAFAEL SILVEIRA DE CARVALHO,Vale/Litoral,326394,Acima de 300k,Mercados tradicionais,True,False,-23.0104,-45.5593,0.343000976176454,0.4669319680744036,4.5G,183401.0,139423.0,42407.0,False,147.5,558.0,554.0,4.0,523.0,8.0,26.0,156.355595667,7.0,0.944043321299639,276.0,237.0,39.0,17.0,53.0,3.0,25.0,0.343000976176454,VALIDAR PROCESSO DE SENHAS,0.0,0,
NM0R,FLEX CELL,PIRACICABA,3538709,SHOPPING,48.4,Shopping Piracicaba,10:00 as 22:00,10:00 as 22:00,14:00 as 20:00,Sabado e domingo,C16,0,Q3,Q3,Q3,Q4,PRODUTIVA,CABO,VIVIAN GABRIELA SOARES MARTINS TOSTES,HELBER EMILIANO ZAROS,Central,415983,Acima de 300k,Mercados tradicionais,True,True,-22.7338,-47.6476,0.317952525495163,0.33153669928430624,4.5G,195814.0,134315.0,58404.333333333336,False,145.1,,,,,,,,,,,,,,,,,0.317952525495163,COMPLETAR DADOS,1101.0,2,"RIO DAS PEDRAS, SALTINHO"
3A1I,FLEX CELL,INDAIATUBA,3520509,RUA,50.0,-,09:00 as 18:00,09:00 as 13:00,FECHADO,Somente sabado,C11,2,Q1,Q2,Q1,Q2,PRODUTIVA,CABO,LEILA CRISTINA NABUCO,HELBER EMILIANO ZAROS,Central,269596,De 100k a 299k,Mercados tradicionais,True,False,-23.0816,-47.2101,0.2966951986848818,0.47746175895271276,4.5G,133507.0,95509.0,35583.0,False,107.5,444.0,399.0,45.0,225.0,0.0,21.0,204.125313283,47.0,0.5639097744360902,,,,,,,,0.2966951986848818,ROTINA,0.0,0,
3UNF,WCI CELULARES,CAMPINAS,3509502,SHOPPING,38.0,SHOPPING UNIMART,10:00 as 22:00,10:00 as 22:00,12:00 as 20:00,Sabado e domingo,C16,2,Q2,Q1,Q2,Q1,PRODUTIVA,CABO,LEILA CRISTINA NABUCO,HELBER EMILIANO ZAROS,Central,1241137,Acima de 300k,Mercados tradicionais,True,True,-22.9053,-47.0659,0.38979577546010247,0.4738311034659122,4.5G,590575.0,394602.0,184375.0,False,142.5,616.0,602.0,14.0,446.0,3.0,27.0,451.99667774,15.0,0.7408637873754153,464.0,417.0,54.0,27.0,61.0,1.0,34.0,0.38979577546010247,MONITORAR ALTO VOLUME,0.0,0,
65PG,FLEX CELL,SANTA BARBARA D OESTE,3545803,SHOPPING,30.0,SHOP TIVOLLI,10:00 as 22:00,10:00 as 22:00,12:00 as 20:00,Sabado e domingo,C16,2,Q2,Q2,Q1,Q1,PRODUTIVA,CABO,VIVIAN GABRIELA SOARES MARTINS TOSTES,HELBER EMILIANO ZAROS,Central,196874,De 100k a 299k,Mercados tradicionais,True,True,-22.7553,-47.4143,0.3479463596152496,0.5140844544374809,4.5G,94178.0,68246.0,24911.333333333332,False,140.5,105.0,101.0,4.0,7.0,0.0,25.0,1545.693069306,596.0,0.06930693069306931,,,,,,,,0.3479463596152496,ROTINA,0.0,0,
7UD6,FLEX CELL,LIMEIRA,3526902,SHOPPING,54.0,PATIO LIMEIRA,10:00 as 22:00,10:00 as 22:00,14:00 as 20:00,Sabado e domingo,C16,1,Q3,Q4,Q2,Q1,PRODUTIVA,CABO,FREDERICO CARNEIRO SANTIAGO,HELBER EMILIANO ZAROS,Central,315129,Acima de 300k,Mercados tradicionais,True,True,-22.566,-47.397,0.19598902547378905,0.3399393427588148,4.5G,138524.0,117480.0,19150.666666666668,False,146.5,497.0,483.0,14.0,187.0,1.0,31.0,738.345755693,216.0,0.38716356107660455,,,,,,,,0.19598902547378905,ROTINA,2113.0,2,"CORDEIROPOLIS, IRACEMAPOLIS"
DFLW,HS TELECOM,JAGUARIUNA,3524709,RUA,40.0,-,09:00 AS 18:00,09:00 as 13:00,FECHADO,Somente sabado,C16,1,Q3,Q3,Q2,Q1,PRODUTIVA,CABO,RAFAEL MICHELINI MENONCELLO,HELBER EMILIANO ZAROS,Central,62330,De 50k a 99k,Mercados tradicionais,True,False,-22.7037,-46.9851,0.23606207406190985,0.44897196261682243,4.5G,18572.0,12838.0,5352.666666666667,False,135.0,852.0,844.0,8.0,672.0,3.0,20.0,311.325829383,8.0,0.7962085308056872,286.0,238.0,48.0,31.0,54.0,3.0,29.0,0.23606207406190985,VALIDAR PROCESSO DE SENHAS,12006.0,3,"HOLAMBRA, PEDREIRA, SANTO ANTONIO DE POSSE"
XE1A,JARBAS,GUAIRA,3517406,RUA,32.0,-,09:00 as 18:00,09:00 as 13:00,FECHADO,Somente sabado,C16,3,Q1,Q2,Q1,Q1,PRODUTIVA,CABO,VITOR FERNANDO FARIA SARAVALLI,VIVIANE TANGARI LEMOS PONTES,Noroeste,41732,De 30k a 49k,Mercados em desenvolvimento,True,False,-20.3196,-48.312,0.24967587853974751,0.576180306266188,4.5G,16072.0,12339.0,3305.6666666666665,False,133.0,177.0,164.0,13.0,5.0,0.0,26.0,588.896341463,426.5,0.03048780487804878,8.0,0.0,8.0,0.0,0.0,0.0,0.0,0.24967587853974751,ROTINA,0.0,0,
PT9T,HS TELECOM,CATANDUVA,3511102,RUA,84.0,-,09:00 as 18:00,09:00 as 13:00,FECHADO,Somente sabado,C16,2,Q2,Q2,Q1,Q1,PRODUTIVA,CABO,RENATO PIQUERA AZEVEDO,VIVIANE TANGARI LEMOS PONTES,Noroeste,124235,De 100k a 299k,Mercados em desenvolvimento,True,False,-21.1314,-48.977,0.1639680578840554,0.3754597513850738,4.5G,42245.0,34316.0,7217.666666666667,False,146.0,349.0,268.0,81.0,243.0,8.0,11.0,165.246268656,6.0,0.9067164179104478,506.0,433.0,73.0,68.0,112.0,0.0,48.0,0.1639680578840554,VALIDAR PROCESSO DE SENHAS,260.5,3,"ITAJOBI, PINDORAMA, SANTA ADELIA"
0ZXL,CELLULAR.COM,PIRASSUNUNGA,3539301,RUA,47.8,-,09:00 as 18:00,09:00 as 13:00,FECHADO,Somente sabado,C11,0,Q3,Q2,Q3,Q3,PRODUTIVA,CABO,RODRIGO DE SOUZA ALBANO,HELBER EMILIANO ZAROS,Sudeste,78168,De 50k a 99k,Mercados em desenvolvimento,True,False,-21.996,-47.4257,0.136926627872956,0.2791223038541626,4.5G,25776.0,21519.0,3738.6666666666665,False,106.95,370.0,370.0,0.0,352.0,7.0,25.0,39.597297297,6.0,0.9513513513513514,294.0,263.0,44.0,29.0,47.0,0.0,34.0,0.136926627872956,VALIDAR PROCESSO DE SENHAS,0.0,0,
2LOC,DIEGO,PRAIA GRANDE,3541000,RUA,38.0,-,09:00 as 18:00,09:00 as 18:00,FECHADO,Somente sabado,C16,0,Q2,Q2,Q4,Q2,PRODUTIVA,CABO,NELISA APARECIDA BARREIROS FERREIRA,RAFAEL SILVEIRA DE CARVALHO,Vale/Litoral,347620,Acima de 300k,Mercados tradicionais,True,False,-24.0084,-46.4121,0.32084602000869944,0.3842570208535731,4.5G,241877.0,175284.0,65028.0,False,134.5,368.0,352.0,16.0,257.0,1.0,26.0,478.690340909,16.0,0.7301136363636364,496.0,420.0,78.0,40.0,84.0,0.0,62.0,0.32084602000869944,MONITORAR ALTO VOLUME,0.0,0,
3DGA,CELLULAR.COM,LIMEIRA,3526902,SHOPPING,36.0,LIMEIRA SHOPPING,10:00 as 22:00,10:00 as 22:00,14:00 as 20:00,Sabado e domingo,C16,0,Q3,Q2,Q4,Q3,ATENCAO,CABO,VIVIAN GABRIELA SOARES MARTINS TOSTES,HELBER EMILIANO ZAROS,Central,315129,Acima de 300k,Mercados tradicionais,True,True,-22.566,-47.397,0.19598902547378905,0.3399393427588148,4.5G,138524.0,117480.0,19150.666666666668,False,122.0,20.0,20.0,0.0,10.0,0.0,9.0,1238.35,150.5,0.5,253.0,220.0,37.0,26.0,32.0,0.0,20.0,0.19598902547378905,ROTINA,2113.0,2,"CORDEIROPOLIS, IRACEMAPOLIS"
6MA7,DOUGLAS,BOTUCATU,3507506,RUA,40.0,-,09:00 as 18:00,09:00 as 13:00,FECHADO,Somente sabado,C16,2,Q1,Q2,Q2,Q1,PRODUTIVA,CABO,JOAO PAULO VENDRAMINI,VIVIANE TANGARI LEMOS PONTES,Sudeste,152797,De 100k a 299k,Mercados em desenvolvimento,True,False,-22.8837,-48.4437,0.20758336455601348,0.23511248756080094,4.5G,76391.0,61830.0,13126.0,False,135.0,593.0,445.0,148.0,291.0,0.0,19.0,277.485393258,13.0,0.6539325842696629,3.0,0.0,3.0,0.0,0.0,0.0,0.0,0.20758336455601348,ROTINA,621.0,3,"BOFETE, ITATINGA, PARDINHO"
8I04,CELLULAR.COM,ORLANDIA,3534302,RUA,51.0,-,09:00 as 18:00,09:00 as 12:00,FECHADO,Somente sabado,C16,0,Q2,Q4,Q3,Q2,PRODUTIVA,CABO,RODRIGO PROSPERO FERREIRA DA SILVA,EDUARDO ALVES DE QUEIROZ,Noroeste,45289,De 30k a 49k,Mercados em desenvolvimento,True,False,-20.7169,-47.8852,0.28331228291758764,0.7579980148125525,4.5G,16468.0,12797.0,3389.3333333333335,False,137.75,73.0,32.0,41.0,6.0,0.0,2.0,364.46875,268.5,0.1875,387.0,348.0,47.0,25.0,60.0,5.0,30.0,0.28331228291758764,ROTINA,0.0,0,
9ZPJ,HS TELECOM,BAURU,3506003,RUA,93.0,-,08:00 as 18:00,09:00 as 13:00,FECHADO,Somente sabado,C16,2,Q2,Q2,Q1,Q1,PRODUTIVA,CABO,JOAO PAULO VENDRAMINI,VIVIANE TANGARI LEMOS PONTES,Oeste,386193,Acima de 300k,Mercados tradicionais,True,False,-22.3246,-49.0871,0.26189757014364345,0.3722112170360282,4.5G,193238.0,144485.0,45604.333333333336,False,148.25,318.0,317.0,1.0,222.0,0.0,10.0,382.365930599,9.0,0.7003154574132492,608.0,491.0,117.0,61.0,72.0,2.0,83.0,0.26189757014364345,MONITORAR ALTO VOLUME,1330.5,3,"AGUDOS, AVAI, PIRATININGA"
Q6ED,FLEX CELL,SANTOS,3548500,RUA,60.0,-,09:00 AS 18:00,09:00 as 13:00,FECHADO,Somente sabado,C16,1,Q3,Q2,Q1,Q2,PRODUTIVA,CABO,PAULA AZEVEDO TIBURCIO,RAFAEL SILVEIRA DE CARVALHO,Vale/Litoral,434237,Acima de 300k,Mercados tradicionais,True,False,-23.9535,-46.335,0.5404046733116119,0.48162135838604786,4.5G,265981.0,148743.0,111220.66666666667,False,140.0,1180.0,1164.0,16.0,90.0,0.0,26.0,744.912371134,239.5,0.07731958762886598,,,,,,,,0.5404046733116119,ROTINA,0.0,0,
K1DN,CELLULAR.COM,UBATUBA,3555406,RUA,36.0,-,09:00 AS 18:00,09:00 as 13:00,FECHADO,Somente sabado,C16,1,Q2,Q3,Q4,Q1,PRODUTIVA,CABO,NATAN DOS SANTOS MOREIRA LIMA,RAFAEL SILVEIRA DE CARVALHO,Vale/Litoral,94749,De 50k a 99k,Mercados tradicionais,True,False,-23.4332,-45.0834,0.26593135060609857,0.38414350455775165,4.5G,72193.0,57229.0,14371.0,False,134.0,2655.0,1748.0,907.0,210.0,0.0,26.0,967.034897025,452.0,0.12013729977116705,384.0,333.0,52.0,27.0,79.0,3.0,35.0,0.26593135060609857,ROTINA,0.0,0,
FP4S,DIEGO,REGISTRO,3542602,RUA,50.0,-,09:00 as 18:00,09:00 as 18:00,FECHADO,Somente sabado,C16,0,Q2,Q4,Q4,Q4,PRODUTIVA,CABO,NELISA APARECIDA BARREIROS FERREIRA,RAFAEL SILVEIRA DE CARVALHO,Sudeste,56548,De 50k a 99k,Mercados em desenvolvimento,True,False,-24.4979,-47.8449,0.07679260943307711,0.0985372861433982,4.5G,15886.0,13754.0,1949.3333333333333,False,137.5,114.0,108.0,6.0,82.0,0.0,18.0,957.953703703,20.0,0.7592592592592593,108.0,85.0,29.0,17.0,16.0,1.0,22.0,0.07679260943307711,ROTINA,0.0,0,
K4HP,FLEX CELL,PIRACICABA,3538709,RUA,66.0,-,09:00 as 18:00,09:00 as 14:00,FECHADO,Somente sabado,C11,0,Q2,Q3,Q2,Q2,PRODUTIVA,CABO,VIVIAN GABRIELA SOARES MARTINS TOSTES,HELBER EMILIANO ZAROS,Central,415983,Acima de 300k,Mercados tradicionais,True,False,-22.7338,-47.6476,0.317952525495163,0.33153669928430624,4.5G,195814.0,134315.0,58404.333333333336,False,111.5,674.0,670.0,4.0,600.0,0.0,25.0,151.637313432,9.0,0.8955223880597015,,,,,,,,0.317952525495163,VALIDAR PROCESSO DE SENHAS,1101.0,2,"RIO DAS PEDRAS, SALTINHO"
PG8J,HS TELECOM,VOTUPORANGA,3557105,RUA,45.0,-,09:00 as 18:00,09:00 as 13:00,FECHADO,Somente sabado,C16,3,Q3,Q1,Q1,Q1,PRODUTIVA,CABO,ANA CLINIO DA SILVA,VIVIANE TANGARI LEMOS PONTES,Noroeste,97565,De 50k a 99k,Mercados em desenvolvimento,True,False,-20.4237,-49.9781,0.0924877574410447,0.22863113897596657,4.5G,33060.0,30224.0,2449.3333333333335,False,136.25,447.0,53.0,394.0,30.0,0.0,18.0,764.641509433,19.0,0.5660377358490566,363.0,302.0,61.0,53.0,56.0,1.0,33.0,0.0924877574410447,ROTINA,0.0,0,
2DM4,DOUGLAS,AVARE,3504503,RUA,29.0,-,09:00 as 18:00,09:00 as 13:00,FECHADO,Somente sabado,C16,1,Q2,Q2,Q2,Q1,PRODUTIVA,CABO,JOAO PAULO VENDRAMINI,VIVIANE TANGARI LEMOS PONTES,Sudeste,92830,De 50k a 99k,Mercados em desenvolvimento,True,False,-23.1067,-48.9251,0.07463716203666852,0.20664760044642858,4.5G,26805.0,23890.0,2584.6666666666665,False,132.25,325.0,318.0,7.0,134.0,2.0,24.0,636.581761006,152.5,0.42138364779874216,9.0,0.0,9.0,0.0,0.0,0.0,0.0,0.07463716203666852,ROTINA,5001.0,5,"ARANDU, CERQUEIRA CESAR, IARAS, ITAI, PARANAPANEMA"
XTHG,ADESIENE,TIETE,3554508,RUA,50.0,-,09:00 AS 18:00,09:00 as 13:00,FECHADO,Somente sabado,C16,0,Q4,Q4,Q4,Q4,PRODUTIVA,CABO,GLAUCIA CAVALCANTE MARTINS,EDUARDO ALVES DE QUEIROZ,Oeste,43773,De 30k a 49k,Mercados tradicionais,True,False,-23.1101,-47.7164,0.11853227459016394,0.35199970153708404,4.5G,11263.0,9274.0,1787.3333333333333,False,137.5,24.0,23.0,1.0,10.0,0.0,9.0,789.0,89.0,0.43478260869565216,154.0,145.0,22.0,7.0,35.0,6.0,18.0,0.11853227459016394,ROTINA,3257.0,2,"JUMIRIM, LARANJAL PAULISTA"
TU4B,HS TELECOM,HORTOLANDIA,3519071,SHOPPING,51.0,SHOPPING HORTOLANDIA,10:00 as 22:00,10:00 as 22:00,12:00 AS 20:00,Sabado e domingo,C24,2,Q3,Q1,Q2,Q1,PRODUTIVA,CABO,WILLIAM DE OLIVEIRA BONFIM,HELBER EMILIANO ZAROS,Central,244095,De 100k a 299k,Mercados tradicionais,True,True,-22.8529,-47.2143,0.1305476913049677,0.42994321821494985,4.5G,75606.0,62713.0,11894.666666666666,False,175.75,240.0,191.0,49.0,139.0,3.0,17.0,652.429319371,13.0,0.7277486910994765,448.0,403.0,45.0,45.0,98.0,0.0,27.0,0.1305476913049677,MONITORAR ALTO VOLUME,0.0,0,
X762,CELLULAR.COM,CRUZEIRO,3513405,RUA,44.0,-,08:00 as 18:00,08:00 as 13:00,FECHADO,Somente sabado,C16,0,Q4,Q4,Q4,Q4,PRODUTIVA,CABO,NATAN DOS SANTOS MOREIRA LIMA,RAFAEL SILVEIRA DE CARVALHO,Sudeste,83464,De 50k a 99k,Mercados em desenvolvimento,True,False,-22.5728,-44.969,0.24518427792005346,0.48237269166200336,4.5G,23940.0,19453.0,4123.0,False,136.0,1778.0,1473.0,305.0,859.0,4.0,25.0,398.037338764,23.0,0.5831636116768499,323.0,285.0,38.0,30.0,80.0,6.0,34.0,0.24518427792005346,ROTINA,0.0,0,
C2IC,HS TELECOM,FRANCA,3516200,SHOPPING,51.0,FRANCA SHOPPING,10:00 as 22:00,10:00 as 22:00,14:00 as 20:00,Sabado e domingo,C16,0,Q3,Q3,Q3,Q3,ATENCAO,CABO,MARIA ROSÂNGELA DE JESUS,EDUARDO ALVES DE QUEIROZ,Oeste,363521,Acima de 300k,Mercados tradicionais,True,True,-20.5352,-47.4039,0.26890991154646954,0.6733911609297212,4.5G,170400.0,129792.0,37156.333333333336,False,125.75,20.0,20.0,0.0,17.0,0.0,5.0,105.1,17.0,0.85,223.0,196.0,27.0,29.0,37.0,0.0,19.0,0.26890991154646954,ROTINA,889.75,4,"CRISTAIS PAULISTA, ITIRAPUA, PATROCINIO PAULISTA, RIBEIRAO CORRENTE"
5Z2B,FLEX CELL,CAMPINAS,3509502,SHOPPING,51.0,SHOPPING DOM PEDRO,10:00 as 22:00,10:00 as 22:00,12:00 as 20:00,Sabado e domingo,C16,3,Q1,Q1,Q1,Q4,PRODUTIVA,CABO,LEILA CRISTINA NABUCO,HELBER EMILIANO ZAROS,Central,1241137,Acima de 300k,Mercados tradicionais,True,True,-22.9053,-47.0659,0.38979577546010247,0.4738311034659122,4.5G,590575.0,394602.0,184375.0,False,145.75,382.0,382.0,0.0,370.0,6.0,12.0,14.486910994,6.0,0.9685863874345549,,,,,,,,0.38979577546010247,VALIDAR PROCESSO DE SENHAS,0.0,0,
PG8G,HS TELECOM,MARILIA,3529005,SHOPPING,38.0,MARILIA SHOPPING,10:00 as 22:00,10:00 as 22:00,14:00 as 20:00,Sabado e domingo,C16,1,Q3,Q2,Q1,Q3,PRODUTIVA,CABO,JOAO PAULO VENDRAMINI,VIVIANE TANGARI LEMOS PONTES,Noroeste,245361,De 100k a 299k,Mercados em desenvolvimento,True,True,-22.2171,-49.9501,0.33645422408934883,0.21542297674780223,4.5G,136607.0,108575.0,26446.0,False,142.5,58.0,26.0,32.0,21.0,1.0,12.0,878.115384615,18.0,0.8076923076923077,303.0,267.0,36.0,31.0,38.0,6.0,25.0,0.33645422408934883,ROTINA,0.0,0,
02RI,ADESIENE,MONTE MOR,3531803,RUA,39.0,-,09:00 as 18:00,09:00 as 13:00,FECHADO,Somente sabado,C24,0,Q4,Q4,Q4,Q3,PRODUTIVA,CABO,WILLIAM DE OLIVEIRA BONFIM,HELBER EMILIANO ZAROS,Central,63597,De 50k a 99k,Mercados tradicionais,True,False,-22.945,-47.3122,0.11125093214019388,0.581234758054165,4.5G,7419.0,4944.0,2305.3333333333335,False,164.75,213.0,187.0,26.0,81.0,1.0,15.0,473.101604278,77.0,0.43315508021390375,229.0,205.0,24.0,8.0,39.0,0.0,10.0,0.11125093214019388,ROTINA,378.0,1,ELIAS FAUSTO
PD9V,CELLULAR.COM,MATAO,3529302,RUA,47.0,-,09:00 as 18:00,09:00 as 13:00,FECHADO,Somente sabado,C16,0,Q4,Q4,Q3,Q2,PRODUTIVA,CABO,MARISTELA CAPARROZ DE LIRA SILVA,EDUARDO ALVES DE QUEIROZ,Noroeste,84879,De 50k a 99k,Mercados em desenvolvimento,True,False,-21.6025,-48.364,0.03988073052553112,0.25172984749455335,4.5G,14143.0,12962.0,999.3333333333334,False,136.75,,,,,,,,,,345.0,318.0,27.0,35.0,60.0,3.0,13.0,0.03988073052553112,ROTINA,3066.0,4,"DOBRADA, GAVIAO PEIXOTO, MOTUCA, SANTA ERNESTINA"
PT9F,HS TELECOM,RIBEIRAO PRETO,3543402,SHOPPING,47.0,Ribeirão Shopping,10:00 as 22:00,10:00 as 22:00,14:00 as 20:00,Sabado e domingo,C16,2,Q3,Q1,Q1,Q3,PRODUTIVA,CABO,MARIA ROSÂNGELA DE JESUS,EDUARDO ALVES DE QUEIROZ,Oeste,736271,Acima de 300k,Mercados tradicionais,True,True,-21.1699,-47.8099,0.31582934647326016,0.4850988678804666,4.5G,356532.0,252102.0,97484.0,False,144.75,99.0,95.0,4.0,69.0,1.0,14.0,672.6,12.0,0.7263157894736842,341.0,299.0,42.0,34.0,32.0,0.0,9.0,0.31582934647326016,ROTINA,0.0,0,
QSM5,FLEX CELL,SAO JOAO DA BOA VISTA,3549102,RUA,50.0,-,09:00 as 18:00,09:00 as 13:00,FECHADO,Somente sabado,C16,1,Q1,Q2,Q2,Q4,PRODUTIVA,CABO,FREDERICO CARNEIRO SANTIAGO,HELBER EMILIANO ZAROS,Sudeste,93321,De 50k a 99k,Mercados em desenvolvimento,True,False,-21.9707,-46.7944,0.18035914131651237,0.5252433631902039,4.5G,31673.0,24389.0,6568.333333333333,False,137.5,752.0,662.0,90.0,10.0,0.0,26.0,593.859516616,351.5,0.015105740181268883,,,,,,,,0.18035914131651237,ROTINA,0.0,0,
VUI6,HS TELECOM,SERTAOZINHO,3551702,RUA,45.0,-,09:00 as 18:00,09:00 as 13:00,FECHADO,Somente sabado,C16,2,Q2,Q2,Q1,Q1,PRODUTIVA,CABO,FERNANDA BATISTA BARRIONOVO,EDUARDO ALVES DE QUEIROZ,Oeste,130924,De 100k a 299k,Mercados tradicionais,True,False,-21.1316,-47.9875,0.22079163496615362,0.6538590731289753,4.5G,51000.0,38855.0,11241.666666666666,False,136.25,49.0,49.0,0.0,47.0,0.0,5.0,69.510204081,15.0,0.9591836734693877,530.0,467.0,63.0,71.0,84.0,0.0,45.0,0.22079163496615362,MONITORAR ALTO VOLUME,0.0,0,
PT4E,HS TELECOM,LINS,3527108,RUA,57.0,-,09:00 as 18:00,09:00 as 13:00,FECHADO,Somente sabado,C16,3,Q4,Q1,Q1,Q1,PRODUTIVA,CABO,VG GN VT,VIVIANE TANGARI LEMOS PONTES,Noroeste,79860,De 50k a 99k,Mercados em desenvolvimento,True,False,-21.6718,-49.7526,0.04775413711583924,0.2237313898199392,4.5G,10760.0,9150.0,1176.0,False,139.25,,,,,,,,,,376.0,290.0,86.0,78.0,93.0,3.0,19.0,0.04775413711583924,ROTINA,172.0,2,"CAFELANDIA, GUARANTA"
4BNF,CELLULAR.COM,MOCOCA,3530508,RUA,45.0,-,09:00 as 18:00,09:00 as 13:00,FECHADO,Somente sabado,C16,3,Q1,Q1,Q2,Q1,PRODUTIVA,CABO,RODRIGO DE SOUZA ALBANO,HELBER EMILIANO ZAROS,Sudeste,69189,De 50k a 99k,Mercados em desenvolvimento,True,False,-21.4647,-47.0024,0.16127786147487155,0.7311159612829758,4.5G,17163.0,12842.0,3793.6666666666665,False,136.25,2064.0,1886.0,178.0,1758.0,13.0,25.0,105.531283138,10.0,0.9321314952279958,509.0,430.0,84.0,44.0,62.0,2.0,57.0,0.16127786147487155,VALIDAR PROCESSO DE SENHAS,0.0,0,
PT5E,HS TELECOM,VOTORANTIM,3557006,SHOPPING,50.0,SHOPPING IGUATEMI ESPLANADA,10:00 AS 22:00,10:00 AS 22:00,12:00 AS 20:00,Sabado e domingo,C16,1,Q3,Q1,Q2,Q4,PRODUTIVA,CABO,GLAUCIA CAVALCANTE MARTINS,EDUARDO ALVES DE QUEIROZ,Oeste,126102,De 100k a 299k,Mercados tradicionais,True,True,-23.5446,-47.4388,0.24566694816423373,0.3368792959465536,4.5G,49533.0,37075.0,11952.0,False,145.5,32.0,25.0,7.0,14.0,0.0,7.0,417.2,34.0,0.56,284.0,243.0,41.0,21.0,22.0,0.0,27.0,0.24566694816423373,ROTINA,0.0,0,
2AK7,CELLULAR.COM,ITAPETININGA,3522307,RUA,26.0,-,09:00 as 18:00,09:00 as 13:00,FECHADO,Somente sabado,C16,2,Q2,Q1,Q2,Q1,PRODUTIVA,CABO,VALERIA DE SOUZA ZAMBUZI,EDUARDO ALVES DE QUEIROZ,Sudeste,170145,De 100k a 299k,Mercados em desenvolvimento,True,False,-23.5886,-48.0483,0.3139810131313383,0.2331672220693591,4.5G,65487.0,52204.0,12364.666666666666,False,131.5,136.0,131.0,5.0,55.0,0.0,14.0,428.6870229,92.0,0.4198473282442748,415.0,348.0,82.0,47.0,91.0,3.0,46.0,0.3139810131313383,MONITORAR ALTO VOLUME,642.0,3,"ANGATUBA, CAMPINA DO MONTE ALEGRE, SARAPUI"
3Q90,DIEGO,ITANHAEM,3522109,RUA,51.0,-,09:00 as 18:00,09:00 as 18:00,FECHADO,Somente sabado,C16,1,Q1,Q2,Q4,Q2,PRODUTIVA,CABO,NELISA APARECIDA BARREIROS FERREIRA,RAFAEL SILVEIRA DE CARVALHO,Vale/Litoral,106789,De 100k a 299k,Mercados tradicionais,True,False,-24.1736,-46.788,0.2144116868992681,0.28849282788801406,4.5G,75383.0,60491.0,14049.333333333334,False,137.75,519.0,510.0,9.0,287.0,0.0,26.0,554.978431372,38.5,0.5627450980392157,393.0,358.0,61.0,26.0,71.0,0.0,54.0,0.2144116868992681,ROTINA,0.0,0,
3U6T,CELLULAR.COM,TAUBATE,3554102,SHOPPING,47.0,TAUBATE SHOPPING,10:00 as 22:00,10:00 as 22:00,12:00 as 20:00,Sabado e domingo,C16,0,Q3,Q3,Q3,Q4,ATENCAO,CABO,CAMILA DEOLINDA SALGADO,RAFAEL SILVEIRA DE CARVALHO,Vale/Litoral,326394,Acima de 300k,Mercados tradicionais,True,True,-23.0104,-45.5593,0.343000976176454,0.4669319680744036,4.5G,183401.0,139423.0,42407.0,False,124.75,353.0,345.0,8.0,250.0,0.0,29.0,438.336231884,15.0,0.7246376811594203,184.0,162.0,36.0,22.0,29.0,0.0,24.0,0.343000976176454,ROTINA,0.0,0,
Y7KM,CELLULAR.COM,PRESIDENTE PRUDENTE,3541406,RUA,86.0,-,09:00 as 18:00,09:00 as 13:00,FECHADO,Somente sabado,C16,2,Q1,Q4,Q2,Q1,PRODUTIVA,CABO,NILTON JUNIOR FRANCISCO,VIVIANE TANGARI LEMOS PONTES,Noroeste,234920,De 100k a 299k,Mercados em desenvolvimento,True,False,-22.1207,-51.3925,0.09274947112784951,0.16598713218006098,4.5G,56643.0,46908.0,8970.333333333334,False,146.5,1251.0,627.0,624.0,119.0,1.0,26.0,1082.183413078,329.0,0.189792663476874,351.0,317.0,40.0,25.0,91.0,1.0,21.0,0.09274947112784951,ROTINA,0.0,0,
43LW,J. P. MACHADO,LORENA,3527207,RUA,30.0,-,09:00 AS 18:00,09:00 as 13:00,FECHADO,Somente sabado,C16,1,Q2,Q3,Q3,Q1,PRODUTIVA,CABO,THIAGO BERNARDES VIEIRA,RAFAEL SILVEIRA DE CARVALHO,Sudeste,90264,De 50k a 99k,Mercados em desenvolvimento,True,False,-22.7334,-45.1197,0.24863525235272446,0.43828125,4.5G,39876.0,31871.0,7158.0,False,132.5,203.0,202.0,1.0,30.0,0.0,24.0,895.128712871,318.0,0.1485148514851485,379.0,319.0,60.0,51.0,59.0,3.0,41.0,0.24863525235272446,ROTINA,0.0,0,
NIMT,CELLULAR.COM,TATUI,3554003,RUA,36.0,-,09:00 as 18:00,09:00 as 13:00,FECHADO,Somente sabado,C16,2,Q1,Q2,Q2,Q1,PRODUTIVA,CABO,VALERIA DE SOUZA ZAMBUZI,EDUARDO ALVES DE QUEIROZ,Sudeste,126378,De 100k a 299k,Mercados em desenvolvimento,True,False,-23.3487,-47.8461,0.20910929629064265,0.2889224789462319,4.5G,36729.0,25689.0,10456.666666666666,False,134.0,1937.0,1893.0,44.0,636.0,0.0,25.0,769.113576333,173.0,0.3359746434231379,496.0,417.0,83.0,53.0,91.0,3.0,56.0,0.20910929629064265,MONITORAR ALTO VOLUME,10534.0,4,"CAPELA DO ALTO, CESARIO LANGE, PORANGABA, QUADRA"
8MCU,CELLULAR.COM,TAUBATE,3554102,RUA,50.0,-,09:00 AS 18:00,08:00 as 13:00,FECHADO,Somente sabado,C16,2,Q1,Q3,Q2,Q1,PRODUTIVA,CABO,CAMILA DEOLINDA SALGADO,RAFAEL SILVEIRA DE CARVALHO,Vale/Litoral,326394,Acima de 300k,Mercados tradicionais,True,False,-23.0104,-45.5593,0.343000976176454,0.4669319680744036,4.5G,183401.0,139423.0,42407.0,False,137.5,569.0,560.0,9.0,383.0,0.0,26.0,330.044642857,18.0,0.6839285714285714,373.0,321.0,52.0,27.0,84.0,0.0,43.0,0.343000976176454,ROTINA,0.0,0,
5SNA,CELLULAR.COM,JABOTICABAL,3524303,RUA,52.0,-,09:00 as 18:00,09:00 as 13:00,FECHADO,Somente sabado,C16,2,Q3,Q1,Q1,Q3,PRODUTIVA,CABO,MARISTELA CAPARROZ DE LIRA SILVA,EDUARDO ALVES DE QUEIROZ,Noroeste,78713,De 50k a 99k,Mercados em desenvolvimento,True,False,-21.252,-48.3252,0.0942710912993231,0.25447848003101975,4.5G,28209.0,25593.0,2101.6666666666665,False,138.0,1.0,0.0,1.0,0.0,0.0,1.0,,,,192.0,184.0,8.0,26.0,28.0,1.0,11.0,0.0942710912993231,ROTINA,2413.0,1,GUARIBA
60AJ,FLEX CELL,SANTOS,3548500,RUA,60.0,-,09:00 as 19:00,10:00 as 18:00,FECHADO,Somente sabado,C16,3,Q1,Q1,Q1,Q3,PRODUTIVA,CABO,PAULA AZEVEDO TIBURCIO,RAFAEL SILVEIRA DE CARVALHO,Vale/Litoral,434237,Acima de 300k,Mercados tradicionais,True,False,-23.9535,-46.335,0.5404046733116119,0.48162135838604786,4.5G,265981.0,148743.0,111220.66666666667,False,140.0,753.0,729.0,24.0,143.0,0.0,26.0,934.242798353,294.0,0.19615912208504802,,,,,,,,0.5404046733116119,ROTINA,0.0,0,
CI76,J. P. MACHADO,GUARATINGUETA,3518404,RUA,34.54,-,09:00 AS 18:00,09:00 as 13:00,FECHADO,Somente sabado,C16,0,Q4,Q4,Q4,Q3,PRODUTIVA,CABO,THIAGO BERNARDES VIEIRA,RAFAEL SILVEIRA DE CARVALHO,Sudeste,124455,De 100k a 299k,Mercados em desenvolvimento,True,False,-22.8075,-45.1938,0.23698305382386514,0.3832927334922774,4.5G,54876.0,43460.0,10662.666666666666,False,133.635,146.0,144.0,2.0,5.0,0.0,25.0,1414.680555555,800.0,0.034722222222222224,185.0,156.0,29.0,9.0,47.0,3.0,17.0,0.23698305382386514,ROTINA,0.0,0,
6CX7,CELLULAR.COM,ITUVERAVA,3524105,RUA,50.0,-,09:00 as 18:00,09:00 as 12:00,FECHADO,Somente sabado,C11,0,Q2,Q4,Q3,Q2,PRODUTIVA,CABO,RODRIGO PROSPERO FERREIRA DA SILVA,EDUARDO ALVES DE QUEIROZ,Noroeste,42648,De 30k a 49k,Mercados em desenvolvimento,True,False,-20.3355,-47.7902,0.1901307465204555,0.550864477820468,4.5G,15810.0,13499.0,1979.6666666666667,False,107.5,320.0,312.0,8.0,114.0,0.0,17.0,704.166666666,117.0,0.36538461538461536,371.0,340.0,49.0,26.0,77.0,10.0,39.0,0.1901307465204555,ROTINA,0.0,0,
DFA5,WCI CELULARES,PAULINIA,3536505,RUA,64.4,-,09:00 as 18:00,09:00 as 13:00,FECHADO,Somente sabado,C16,0,Q3,Q4,Q4,Q2,PRODUTIVA,CABO,LEILA CRISTINA NABUCO,HELBER EMILIANO ZAROS,Central,119572,De 100k a 299k,Mercados tradicionais,True,False,-22.7542,-47.1488,0.2350107388747265,0.39724135247655734,4.5G,50635.0,38671.0,11130.0,False,141.1,37.0,34.0,3.0,5.0,0.0,13.0,866.911764705,378.5,0.14705882352941177,287.0,261.0,30.0,22.0,67.0,4.0,19.0,0.2350107388747265,ROTINA,0.0,0,
FG8V,FLEX CELL,RIO CLARO,3543907,SHOPPING,37.6,SHOPPING RIO CLARO,10:00 as 22:00,10:00 as 22:00,1300 as 19:00,Sabado e domingo,C16,0,Q3,Q4,Q2,Q3,PRODUTIVA,CABO,FREDERICO CARNEIRO SANTIAGO,HELBER EMILIANO ZAROS,Central,212456,De 100k a 299k,Mercados tradicionais,True,True,-22.3984,-47.5546,0.3431938533282767,0.26868788950648476,4.5G,114691.0,89325.0,24366.333333333332,False,142.4,275.0,235.0,40.0,66.0,0.0,27.0,1254.834042553,274.0,0.28085106382978725,,,,,,,,0.3431938533282767,ROTINA,1378.5,1,SANTA GERTRUDES
GIW7,CELLULAR.COM,CAMPOS DO JORDAO,3509700,RUA,34.58,-,09:00 AS 18:00,09:00 as 13:00,FECHADO,Somente sabado,C16,3,Q1,Q2,Q1,Q1,PRODUTIVA,CABO,NATAN DOS SANTOS MOREIRA LIMA,RAFAEL SILVEIRA DE CARVALHO,Sudeste,53283,De 50k a 99k,Mercados em desenvolvimento,True,False,-22.7296,-45.5833,0.1320057483063026,0.17092025237310293,4.5G,19418.0,17494.0,1660.3333333333333,False,133.645,14.0,14.0,0.0,11.0,0.0,5.0,106.714285714,26.0,0.7857142857142857,135.0,111.0,25.0,12.0,20.0,0.0,19.0,0.1320057483063026,ROTINA,0.0,0,
5YAX,PRIME,PENAPOLIS,3537305,RUA,35.0,-,09:00 as 18:00,09:00 as 13:00,FECHADO,Somente sabado,C16,2,Q1,Q3,Q3,Q1,PRODUTIVA,CABO,VANIA DIAS MALAMAN,VIVIANE TANGARI LEMOS PONTES,Noroeste,64722,De 50k a 99k,Mercados em desenvolvimento,True,False,-21.4148,-50.0769,0.2377467794801433,0.3928278352207451,4.5G,17607.0,14290.0,2871.6666666666665,False,133.75,542.0,510.0,32.0,133.0,0.0,25.0,558.876470588,207.5,0.2607843137254902,243.0,209.0,62.0,21.0,66.0,2.0,52.0,0.2377467794801433,ROTINA,0.0,0,
LAHU,HS TELECOM,COSMOPOLIS,3512803,RUA,40.0,-,09:00 AS 18:00,09:00 as 13:00,FECHADO,Somente sabado,C16,0,Q3,Q4,Q4,Q3,PRODUTIVA,CABO,RAFAEL MICHELINI MENONCELLO,HELBER EMILIANO ZAROS,Central,77021,De 50k a 99k,Mercados tradicionais,True,False,-22.6419,-47.1926,0.12264046804283034,0.4150464227198252,4.5G,24508.0,22236.0,1978.0,False,135.0,467.0,413.0,54.0,274.0,0.0,10.0,438.835351089,19.0,0.6634382566585957,232.0,207.0,25.0,12.0,53.0,1.0,21.0,0.12264046804283034,ROTINA,0.0,0,
ME4X,CELLULAR.COM,RIBEIRAO PRETO,3543402,RUA,72.15,-,09:00 as 18:00,09:00 as 13:00,FECHADO,Somente sabado,C16,0,Q4,Q4,Q4,Q2,PRODUTIVA,CABO,MARIA ROSÂNGELA DE JESUS,EDUARDO ALVES DE QUEIROZ,Oeste,736271,Acima de 300k,Mercados tradicionais,True,False,-21.1699,-47.8099,0.31582934647326016,0.4850988678804666,4.5G,356532.0,252102.0,97484.0,False,143.0375,135.0,68.0,67.0,19.0,0.0,7.0,667.382352941,237.5,0.27941176470588236,331.0,301.0,30.0,43.0,65.0,6.0,18.0,0.31582934647326016,ROTINA,0.0,0,
OZX2,HS TELECOM,SAO JOSE DOS CAMPOS,3549904,SHOPPING,50.0,ORIENTE,10:00 as 22:00,10:00 as 22:00,14:00 as 20:00,Sabado e domingo,C16,1,Q2,Q2,Q1,Q2,PRODUTIVA,CABO,THIAGO BERNARDES VIEIRA,RAFAEL SILVEIRA DE CARVALHO,Vale/Litoral,751961,Acima de 300k,Mercados tradicionais,True,True,-23.1896,-45.8841,0.31513054644029104,0.2980232482988487,4.5G,413436.0,321558.0,87344.66666666667,False,145.5,105.0,98.0,7.0,71.0,0.0,9.0,373.551020408,12.0,0.7244897959183674,513.0,417.0,96.0,78.0,73.0,2.0,74.0,0.31513054644029104,MONITORAR ALTO VOLUME,0.0,0,
FA4O,FLEX CELL,CAMPINAS,3509502,RUA,32.0,-,09:00 as 18:00,09:00 as 13:00,FECHADO,Somente sabado,C16,1,Q3,Q3,Q3,Q1,PRODUTIVA,CABO,LEILA CRISTINA NABUCO,HELBER EMILIANO ZAROS,Central,1241137,Acima de 300k,Mercados tradicionais,True,False,-22.9053,-47.0659,0.38979577546010247,0.4738311034659122,4.5G,590575.0,394602.0,184375.0,False,133.0,370.0,350.0,20.0,123.0,1.0,26.0,394.945714285,100.0,0.3514285714285714,,,,,,,,0.38979577546010247,ROTINA,0.0,0,
JF0B,PRIME,VALPARAISO,3556305,RUA,40.0,-,09:00 as 18:00,09:00 as 13:00,FECHADO,Somente sabado,C11,1,Q1,Q2,Q4,Q2,PRODUTIVA,CABO,VANIA DIAS MALAMAN,VIVIANE TANGARI LEMOS PONTES,Noroeste,27803,Até 29K,Mercados em desenvolvimento,True,False,-21.2229,-50.8699,0.3246045694200351,0.6637366282444647,4.5G,8630.0,6740.0,1589.3333333333333,False,105.0,515.0,510.0,5.0,34.0,0.0,25.0,1453.629411764,374.0,0.06666666666666667,288.0,259.0,72.0,15.0,60.0,5.0,57.0,0.3246045694200351,ROTINA,0.0,0,
QCTV,HS TELECOM,JACAREI,3524402,SHOPPING,57.0,JACAREI SHOPPING,10:00 as 22:00,10:00 as 22:00,14:00 as 20:00,Sabado e domingo,C16,1,Q2,Q3,Q2,Q1,PRODUTIVA,CABO,THIAGO BERNARDES VIEIRA,RAFAEL SILVEIRA DE CARVALHO,Vale/Litoral,240327,De 100k a 299k,Mercados tradicionais,True,True,-23.2983,-45.9658,0.19403296986981697,0.3331044475242535,4.5G,97975.0,81390.0,15785.333333333334,False,147.25,1891.0,1782.0,109.0,1131.0,8.0,24.0,537.952300785,13.0,0.6346801346801347,619.0,545.0,74.0,48.0,98.0,0.0,54.0,0.19403296986981697,MONITORAR ALTO VOLUME,2290.0,1,SANTA BRANCA
D96E,FLEX CELL,AMERICANA,3501608,RUA,40.0,-,09:00 as 18:00,09:00 as 14:00,FECHADO,Somente sabado,C16,0,Q2,Q3,Q3,Q3,PRODUTIVA,CABO,VIVIAN GABRIELA SOARES MARTINS TOSTES,HELBER EMILIANO ZAROS,Central,248901,De 100k a 299k,Mercados tradicionais,True,False,-22.7374,-47.3331,0.4173613560832513,0.5222108015105132,4.5G,171426.0,124660.0,44035.333333333336,False,135.0,123.0,121.0,2.0,86.0,1.0,12.0,288.280991735,13.0,0.7107438016528925,,,,,,,,0.4173613560832513,ROTINA,0.0,0,
PG8B,HS TELECOM,JAU,3525300,SHOPPING,53.0,JAU SHOPPING,10:00 as 22:00,10:00 as 22:00,12:00 as 20:00,Sabado e domingo,C16,0,Q2,Q3,Q2,Q2,PRODUTIVA,CABO,VG GN VT,VIVIANE TANGARI LEMOS PONTES,Oeste,156523,De 100k a 299k,Mercados tradicionais,True,True,-22.2936,-48.5592,0.2528941381156317,0.33007093378819713,4.5G,70973.0,54656.0,14903.0,False,146.25,155.0,141.0,14.0,116.0,0.0,17.0,437.007092198,16.0,0.8226950354609929,407.0,340.0,67.0,63.0,66.0,2.0,47.0,0.2528941381156317,VALIDAR PROCESSO DE SENHAS,18531.5,8,"BARRA BONITA, BOCAINA, DOIS CORREGOS, DOURADO, IGARACU DO TIETE, ITAPUI, MINEIROS DO TIETE, PEDERNEIRAS"
3V70,HS TELECOM,FERNANDOPOLIS,3515509,RUA,31.6,-,09:00 as 18:00,09:00 as 13:00,FECHADO,Somente sabado,C16,0,Q2,Q2,Q2,Q3,PRODUTIVA,CABO,ANA CLINIO DA SILVA,VIVIANE TANGARI LEMOS PONTES,Noroeste,70171,De 50k a 99k,Mercados em desenvolvimento,True,False,-20.2806,-50.2471,0.23773111161835198,0.20414219602797434,4.5G,34889.0,30649.0,3930.0,False,132.9,1018.0,755.0,263.0,246.0,1.0,22.0,810.256953642,182.0,0.3258278145695364,273.0,222.0,51.0,39.0,52.0,0.0,32.0,0.23773111161835198,ROTINA,0.0,0,
PT9G,HS TELECOM,SOROCABA,3552205,SHOPPING,60.0,SHOROCABA SHOPPING,10:00 AS 22:00,10:00 AS 22:00,13:00 AS 19:00,Sabado e domingo,C16,0,Q3,Q2,Q2,Q3,PRODUTIVA,CABO,GLAUCIA CAVALCANTE MARTINS,EDUARDO ALVES DE QUEIROZ,Oeste,710854,Acima de 300k,Mercados tradicionais,True,True,-23.4969,-47.4451,0.431540623991889,0.4073924414362842,4.5G,433954.0,299743.0,129548.66666666667,False,148.0,651.0,648.0,3.0,395.0,1.0,25.0,683.342592592,15.0,0.6095679012345679,463.0,406.0,57.0,50.0,65.0,0.0,32.0,0.431540623991889,MONITORAR ALTO VOLUME,58.2,1,ARACOIABA DA SERRA
YEZ1,ADESIENE,BOITUVA,3507001,RUA,34.0,-,09:00 as 18:00,09:00 as 13:00,FECHADO,Somente sabado,C16,0,Q2,Q4,Q4,Q4,PRODUTIVA,CABO,GLAUCIA CAVALCANTE MARTINS,EDUARDO ALVES DE QUEIROZ,Sudeste,65589,De 50k a 99k,Mercados em desenvolvimento,True,False,-23.2855,-47.6786,0.23990130642457216,0.3817671434300227,4.5G,27456.0,19821.0,7123.0,False,133.5,69.0,57.0,12.0,14.0,0.0,10.0,499.122807017,134.0,0.24561403508771928,252.0,200.0,52.0,25.0,34.0,0.0,45.0,0.23990130642457216,ROTINA,4105.0,1,IPERO
JDRJ,CELLULAR.COM,FRANCA,3516200,RUA,72.8,-,09:00 as 18:00,09:00 as 13:00,FECHADO,Somente sabado,C16,1,Q3,Q4,Q3,Q1,PRODUTIVA,CABO,MARIA ROSÂNGELA DE JESUS,EDUARDO ALVES DE QUEIROZ,Oeste,363521,Acima de 300k,Mercados tradicionais,True,False,-20.5352,-47.4039,0.26890991154646954,0.6733911609297212,4.5G,170400.0,129792.0,37156.333333333336,False,143.2,5.0,3.0,2.0,2.0,0.0,2.0,370.666666666,38.0,0.6666666666666666,429.0,385.0,57.0,32.0,65.0,2.0,39.0,0.26890991154646954,MONITORAR ALTO VOLUME,889.75,4,"CRISTAIS PAULISTA, ITIRAPUA, PATROCINIO PAULISTA, RIBEIRAO CORRENTE"
H83T,CELLULAR.COM,LEME,3526704,RUA,40.0,-,09:00 as 18:00,09:00 as 13:00,FECHADO,Somente sabado,C16,1,Q3,Q2,Q4,Q1,PRODUTIVA,CABO,RODRIGO DE SOUZA ALBANO,HELBER EMILIANO ZAROS,Sudeste,107047,De 100k a 299k,Mercados em desenvolvimento,True,False,-22.1809,-47.3841,0.05264835089795825,0.3472397539346489,4.5G,22653.0,20178.0,2045.6666666666667,False,135.0,286.0,282.0,4.0,228.0,0.0,25.0,346.212765957,14.0,0.8085106382978723,319.0,282.0,41.0,22.0,75.0,4.0,26.0,0.05264835089795825,VALIDAR PROCESSO DE SENHAS,0.0,0,
DS2Q,CELLULAR.COM,MORRO AGUDO,3531902,RUA,51.0,-,09:00 as 18:00,09:00 as 12:00,FECHADO,Somente sabado,C11,0,Não Cabo,Q4,Q4,Q3,PRODUTIVA,NAO CABO,RODRIGO PROSPERO FERREIRA DA SILVA,EDUARDO ALVES DE QUEIROZ,Oeste,34194,De 30k a 49k,-,True,False,-20.7288,-48.0581,0.001515610791148833,0.7158044378515359,4.5G,,,0.0,False,107.75,614.0,499.0,115.0,196.0,3.0,22.0,594.204408817,110.0,0.3927855711422846,165.0,155.0,10.0,3.0,35.0,2.0,0.0,0.001515610791148833,ROTINA,0.0,0,
M5D8,HS TELECOM,JOSE BONIFACIO,3525706,RUA,25.0,-,09:00 as 18:00,09:00 as 13:00,FECHADO,Somente sabado,C16,0,Q2,Q2,Q2,Q3,PRODUTIVA,CABO,RENATO PIQUERA AZEVEDO,VIVIANE TANGARI LEMOS PONTES,Noroeste,38361,De 30k a 49k,Mercados em desenvolvimento,True,False,-21.0551,-49.6892,0.09678929139754751,0.385135675978548,4.5G,12712.0,11457.0,903.0,False,131.25,621.0,618.0,3.0,345.0,0.0,20.0,670.362459546,26.0,0.558252427184466,311.0,252.0,59.0,27.0,44.0,3.0,40.0,0.09678929139754751,ROTINA,0.0,0,
764T,CELLULAR.COM,SAO JOAO DA BOA VISTA,3549102,RUA,44.0,-,09:00 as 18:00,09:00 as 13:00,FECHADO,Somente sabado,C16,2,Q1,Q1,Q3,Q2,PRODUTIVA,CABO,RODRIGO DE SOUZA ALBANO,HELBER EMILIANO ZAROS,Sudeste,93321,De 50k a 99k,Mercados em desenvolvimento,True,False,-21.9707,-46.7944,0.18035914131651237,0.5252433631902039,4.5G,31673.0,24389.0,6568.333333333333,False,136.0,408.0,400.0,8.0,385.0,5.0,22.0,48.3525,6.0,0.9625,334.0,267.0,68.0,21.0,43.0,1.0,41.0,0.18035914131651237,VALIDAR PROCESSO DE SENHAS,0.0,0,
971O,CELLULAR.COM,RIBEIRAO PRETO,3543402,RUA,51.0,-,09:00 as 18:00,09:00 as 13:00,FECHADO,Somente sabado,C16,0,Q4,Q4,Q4,Q3,IMPRODUTIVA,CABO,FERNANDA BATISTA BARRIONOVO,EDUARDO ALVES DE QUEIROZ,Oeste,736271,Acima de 300k,Mercados tradicionais,True,False,-21.1699,-47.8099,0.31582934647326016,0.4850988678804666,4.5G,356532.0,252102.0,97484.0,False,97.75,155.0,152.0,3.0,113.0,0.0,12.0,184.75,31.0,0.743421052631579,308.0,292.0,18.0,11.0,49.0,2.0,8.0,0.31582934647326016,ROTINA,0.0,0,
D58Q,CELLULAR.COM,SAO JOSE DOS CAMPOS,3549904,SHOPPING,32.0,GALERIA SHOPPING CENTRO,09:00 AS 18:00,08:00 as 13:00,FECHADO,Somente sabado,C16,1,Q3,Q4,Q1,Q2,PRODUTIVA,CABO,CAMILA DEOLINDA SALGADO,RAFAEL SILVEIRA DE CARVALHO,Vale/Litoral,751961,Acima de 300k,Mercados tradicionais,True,False,-23.1896,-45.8841,0.31513054644029104,0.2980232482988487,4.5G,413436.0,321558.0,87344.66666666667,False,133.0,656.0,648.0,8.0,518.0,0.0,26.0,153.444444444,19.0,0.7993827160493827,359.0,307.0,86.0,99.0,42.0,2.0,66.0,0.31513054644029104,VALIDAR PROCESSO DE SENHAS,0.0,0,
4C7D,FLEX CELL,AGUAI,3500303,RUA,35.0,-,09:00 as 18:00,09:00 as 13:00,FECHADO,Somente sabado,C16,0,Não Cabo,Q4,Q4,Q3,PRODUTIVA,NAO CABO,FREDERICO CARNEIRO SANTIAGO,HELBER EMILIANO ZAROS,Central,37619,De 30k a 49k,-,True,False,-22.0572,-46.9735,0.0029827315541601255,0.656049191225349,4.5G,,,0.0,False,133.75,410.0,407.0,3.0,291.0,0.0,25.0,344.294840294,16.0,0.714987714987715,,,,,,,,0.0029827315541601255,ROTINA,0.0,0,
H0BH,FLEX CELL,GUARUJA,3518701,SHOPPING,40.0,CRIS SHOPPING,10:00 as 19:00,10:00 as 19:00,FECHADO,Somente sabado,C16,2,Q2,Q2,Q1,Q1,PRODUTIVA,CABO,PAULA AZEVEDO TIBURCIO,RAFAEL SILVEIRA DE CARVALHO,Vale/Litoral,329155,Acima de 300k,Mercados tradicionais,True,False,-23.9888,-46.258,0.30803429899910933,0.439359545579323,4.5G,138884.0,95273.0,40636.333333333336,False,135.0,746.0,733.0,13.0,392.0,0.0,26.0,320.864938608,52.0,0.5347885402455662,,,,,,,,0.30803429899910933,ROTINA,0.0,0,
PG8I,HS TELECOM,JAU,3525300,RUA,54.0,-,09:00 as 18:00,09:00 as 13:00,FECHADO,Somente sabado,C16,0,Q3,Q3,Q2,Q2,PRODUTIVA,CABO,VG GN VT,VIVIANE TANGARI LEMOS PONTES,Oeste,156523,De 100k a 299k,Mercados tradicionais,True,False,-22.2936,-48.5592,0.2528941381156317,0.33007093378819713,4.5G,70973.0,54656.0,14903.0,False,138.5,156.0,155.0,1.0,64.0,0.0,14.0,755.64516129,80.0,0.4129032258064516,396.0,303.0,93.0,102.0,54.0,1.0,76.0,0.2528941381156317,MONITORAR ALTO VOLUME,18531.5,8,"BARRA BONITA, BOCAINA, DOIS CORREGOS, DOURADO, IGARACU DO TIETE, ITAPUI, MINEIROS DO TIETE, PEDERNEIRAS"
I28W,CELLULAR.COM,SOROCABA,3552205,RUA,45.0,SUPERMERCADO SÃO VICENTE,09:00 as 18:00,09:00 as 13:00,FECHADO,Somente sabado,C16,0,Q4,Q4,Q4,Q4,IMPRODUTIVA,CABO,VALERIA DE SOUZA ZAMBUZI,EDUARDO ALVES DE QUEIROZ,Oeste,710854,Acima de 300k,Mercados tradicionais,True,False,-23.4969,-47.4451,0.431540623991889,0.4073924414362842,4.5G,433954.0,299743.0,129548.66666666667,False,96.25,77.0,76.0,1.0,9.0,0.0,20.0,1162.276315789,515.5,0.11842105263157894,84.0,74.0,12.0,5.0,9.0,1.0,10.0,0.431540623991889,ROTINA,58.2,1,ARACOIABA DA SERRA
J1EW,HS TELECOM,BAURU,3506003,SHOPPING,64.0,SHOPPING BOULEVARD,10:00 as 22:00,10:00 as 22:00,12:00 as 20:00,Sabado e domingo,C16,0,Q3,Q2,Q2,Q3,PRODUTIVA,CABO,VG GN VT,VIVIANE TANGARI LEMOS PONTES,Oeste,386193,Acima de 300k,Mercados tradicionais,True,True,-22.3246,-49.0871,0.26189757014364345,0.3722112170360282,4.5G,193238.0,144485.0,45604.333333333336,False,149.0,,,,,,,,,,393.0,345.0,48.0,32.0,38.0,2.0,30.0,0.26189757014364345,ROTINA,1330.5,3,"AGUDOS, AVAI, PIRATININGA"
PS1E,HS TELECOM,INDAIATUBA,3520509,SHOPPING,37.93,SHOPPING JARAGUA,10:00 as 22:00,10:00 as 22:00,12:00 AS 20:00,Sabado e domingo,C16,0,Q4,Q4,Q4,Q4,IMPRODUTIVA,CABO,WILLIAM DE OLIVEIRA BONFIM,HELBER EMILIANO ZAROS,Central,269596,De 100k a 299k,Mercados tradicionais,True,True,-23.0816,-47.2101,0.2966951986848818,0.47746175895271276,4.5G,133507.0,95509.0,35583.0,False,102.4825,177.0,142.0,35.0,104.0,0.0,19.0,485.66197183,16.5,0.7323943661971831,254.0,235.0,19.0,19.0,35.0,2.0,13.0,0.2966951986848818,ROTINA,0.0,0,
X0GI,CONVERGE.NET,GARCA,3516705,RUA,32.0,-,09:00 as 18:00,09:00 as 12:00,FECHADO,Somente sabado,C16,1,Q2,Q4,Q4,Q1,PRODUTIVA,CABO,VG GN VT,VIVIANE TANGARI LEMOS PONTES,Noroeste,44426,De 30k a 49k,Mercados em desenvolvimento,True,False,-22.2125,-49.6546,0.15013277047729284,0.29682181512219374,4.5G,18298.0,16009.0,2081.6666666666665,False,133.0,8.0,8.0,0.0,6.0,0.0,3.0,211.875,21.0,0.75,177.0,153.0,43.0,22.0,69.0,11.0,34.0,0.15013277047729284,ROTINA,141.0,2,"PIRAJUI, PRESIDENTE ALVES"
G7KJ,CELLULAR.COM,PIEDADE,3537800,RUA,50.0,-,09:00 as 18:00,09:00 as 13:00,FECHADO,Somente sabado,C16,0,Q2,Q4,Q4,Q4,PRODUTIVA,CABO,VALERIA DE SOUZA ZAMBUZI,EDUARDO ALVES DE QUEIROZ,Sudeste,56057,De 50k a 99k,Mercados em desenvolvimento,True,False,-23.7139,-47.4256,0.15831517792302105,0.1462699077954736,4.5G,10319.0,7261.0,2823.3333333333335,False,137.5,77.0,66.0,11.0,29.0,0.0,22.0,756.969696969,119.5,0.4393939393939394,132.0,93.0,45.0,15.0,25.0,2.0,35.0,0.15831517792302105,ROTINA,842.0,2,"PILAR DO SUL, SALTO DE PIRAPORA"
ZIK2,FLEX CELL,CAMPINAS,3509502,SHOPPING,36.52,SHOPPING IGUATEMI,10:00 as 22:00,10:00 as 22:00,12:00 as 20:00,Sabado e domingo,C16,0,Q3,Q4,Q3,Q4,PRODUTIVA,CABO,LEILA CRISTINA NABUCO,HELBER EMILIANO ZAROS,Central,1241137,Acima de 300k,Mercados tradicionais,True,True,-22.9053,-47.0659,0.38979577546010247,0.4738311034659122,4.5G,590575.0,394602.0,184375.0,False,142.13,50.0,47.0,3.0,5.0,0.0,15.0,1338.468085106,527.0,0.10638297872340426,,,,,,,,0.38979577546010247,ROTINA,0.0,0,
ZSU5,CELLULAR.COM,JARDINOPOLIS,3525102,RUA,51.0,-,09:00 as 18:00,09:00 as 12:00,FECHADO,Somente sabado,C11,0,Q4,Q4,Q4,Q3,PRODUTIVA,CABO,RODRIGO PROSPERO FERREIRA DA SILVA,EDUARDO ALVES DE QUEIROZ,Noroeste,46667,De 30k a 49k,Mercados em desenvolvimento,True,False,-21.0176,-47.7606,0.14349451344507416,0.7003589167240691,4.5G,12574.0,10087.0,2190.3333333333335,False,107.75,,,,,,,,,,311.0,287.0,28.0,14.0,37.0,0.0,19.0,0.14349451344507416,ROTINA,0.0,0,
PG8M,HS TELECOM,BEBEDOURO,3506102,RUA,72.0,-,09:00 as 18:00,09:00 as 13:00,FECHADO,Somente sabado,C16,0,Q3,Q3,Q3,Q2,PRODUTIVA,CABO,VITOR FERNANDO FARIA SARAVALLI,VIVIANE TANGARI LEMOS PONTES,Noroeste,77650,De 50k a 99k,Mercados em desenvolvimento,True,False,-20.9491,-48.4791,0.1400323566420996,0.6727546412443552,4.5G,25201.0,21240.0,3515.3333333333335,False,143.0,1522.0,1489.0,33.0,864.0,2.0,22.0,304.496306245,27.0,0.58025520483546,453.0,417.0,36.0,17.0,49.0,0.0,27.0,0.1400323566420996,MONITORAR ALTO VOLUME,0.0,0,
08GH,DIEGO,PERUIBE,3537602,RUA,35.0,-,09:00 as 18:00,09:00 as 18:00,FECHADO,Somente sabado,C16,2,Q1,Q1,Q3,Q4,PRODUTIVA,CABO,NELISA APARECIDA BARREIROS FERREIRA,RAFAEL SILVEIRA DE CARVALHO,Vale/Litoral,71042,De 50k a 99k,Mercados tradicionais,True,False,-24.312,-47.0012,0.3774422223502968,0.3087743882720707,4.5G,49746.0,36445.0,12882.333333333334,False,133.75,678.0,649.0,29.0,384.0,1.0,26.0,503.462249614,36.0,0.5916795069337443,325.0,262.0,97.0,63.0,35.0,0.0,79.0,0.3774422223502968,ROTINA,0.0,0,
PT8E,HS TELECOM,BATATAIS,3505906,RUA,108.0,-,09:00 as 18:00,09:00 as 13:00,FECHADO,Somente sabado,C16,0,Q2,Q4,Q3,Q2,PRODUTIVA,CABO,MARIA ROSÂNGELA DE JESUS,EDUARDO ALVES DE QUEIROZ,Noroeste,64301,De 50k a 99k,Mercados em desenvolvimento,True,False,-20.8929,-47.5921,0.20465095909608477,0.77490549932935,4.5G,23947.0,19185.0,4270.333333333333,False,152.0,269.0,224.0,45.0,182.0,1.0,12.0,358.008928571,11.0,0.8125,477.0,433.0,44.0,14.0,47.0,0.0,35.0,0.20465095909608477,VALIDAR PROCESSO DE SENHAS,0.0,0,
DV7G,HS TELECOM,BARRETOS,3505500,SHOPPING,26.3,NORTE SHOPPING BARRETOS,10:00 as 22:00,10:00 as 22:00,13:00 as 19:00,Sabado e domingo,C16,0,Q3,Q2,Q3,Q3,PRODUTIVA,CABO,VITOR FERNANDO FARIA SARAVALLI,VIVIANE TANGARI LEMOS PONTES,Noroeste,124862,De 100k a 299k,Mercados em desenvolvimento,True,True,-20.5531,-48.5698,0.10309461351847103,0.44642653956534384,4.5G,43688.0,38231.0,4370.0,False,139.575,85.0,85.0,0.0,81.0,0.0,24.0,82.564705882,18.0,0.9529411764705882,284.0,228.0,56.0,33.0,56.0,0.0,36.0,0.10309461351847103,ROTINA,1095.0,2,"COLINA, JABORANDI"
LVQB,FLEX CELL,CAMPINAS,3509502,SHOPPING,45.0,SHOPPING PRADO BOULEVARD,10:00 as 22:00,10:00 as 22:00,12:00 as 20:00,Sabado e domingo,C11,0,Q2,Q3,Q4,Q4,PRODUTIVA,CABO,LEILA CRISTINA NABUCO,HELBER EMILIANO ZAROS,Central,1241137,Acima de 300k,Mercados tradicionais,True,True,-22.9053,-47.0659,0.38979577546010247,0.4738311034659122,4.5G,590575.0,394602.0,184375.0,False,114.25,474.0,472.0,2.0,301.0,0.0,31.0,353.925847457,23.5,0.6377118644067796,,,,,,,,0.38979577546010247,ROTINA,0.0,0,
I1CQ,PRIME,ANDRADINA,3502101,RUA,30.0,-,09:00 as 18:00,09:00 as 13:00,FECHADO,Somente sabado,C16,1,Q1,Q3,Q4,Q3,PRODUTIVA,CABO,VANIA DIAS MALAMAN,VIVIANE TANGARI LEMOS PONTES,Noroeste,57276,De 50k a 99k,Mercados em desenvolvimento,True,False,-20.8948,-51.3786,0.1556988330580274,0.17858340859243968,4.5G,20637.0,17590.0,2687.0,False,132.5,204.0,192.0,12.0,161.0,2.0,19.0,587.276041666,11.0,0.8385416666666666,207.0,181.0,36.0,14.0,43.0,6.0,29.0,0.1556988330580274,VALIDAR PROCESSO DE SENHAS,0.0,0,
2STD,CELLULAR.COM,SAO SEBASTIAO,3550704,RUA,51.0,-,09:00 AS 18:00,09:00 as 13:00,FECHADO,Somente sabado,C16,0,Q3,Q2,Q4,Q4,PRODUTIVA,CABO,NATAN DOS SANTOS MOREIRA LIMA,RAFAEL SILVEIRA DE CARVALHO,Vale/Litoral,94219,De 50k a 99k,Mercados tradicionais,True,False,-23.7951,-45.4143,0.18562462385005588,0.32709636919587715,4.5G,27685.0,18901.0,8075.0,False,137.75,530.0,487.0,43.0,57.0,0.0,24.0,1441.453798767,653.0,0.11704312114989733,260.0,214.0,44.0,30.0,44.0,5.0,23.0,0.18562462385005588,ROTINA,0.0,0,
JD30,CELLULAR.COM,CERQUILHO,3511508,RUA,50.0,-,09:00 as 18:00,09:00 as 13:00,FECHADO,Somente sabado,C16,0,Q3,Q4,Q4,Q4,PRODUTIVA,CABO,GLAUCIA CAVALCANTE MARTINS,EDUARDO ALVES DE QUEIROZ,Sudeste,52281,De 50k a 99k,Mercados em desenvolvimento,True,False,-23.1665,-47.7459,0.20176382017638203,0.28132517698810916,4.5G,18190.0,14423.0,3386.0,False,137.5,107.0,106.0,1.0,78.0,0.0,16.0,656.773584905,10.5,0.7358490566037735,153.0,125.0,42.0,19.0,17.0,0.0,34.0,0.20176382017638203,ROTINA,2915.0,2,"CONCHAS, PEREIRAS"
69IK,FLEX CELL,ARARAS,3503307,RUA,48.0,-,09:00 as 18:00,09:00 as 13:00,FECHADO,Somente sabado,C11,0,Q2,Q2,Q2,Q2,PRODUTIVA,CABO,FREDERICO CARNEIRO SANTIAGO,HELBER EMILIANO ZAROS,Central,139103,De 100k a 299k,Mercados tradicionais,True,False,-22.3572,-47.3842,0.21197060223126948,0.3453582026282323,4.5G,71925.0,58926.0,11880.333333333334,False,107.0,1813.0,1782.0,31.0,292.0,0.0,25.0,622.707631874,206.0,0.1638608305274972,,,,,,,,0.21197060223126948,ROTINA,1738.0,1,CONCHAL
3UW7,DOM BARRETO,NOVA ODESSA,3533403,RUA,28.0,REGIAO CENTRAL DE NOVA ODESSA,09:00 as 18:00,09:00 as 13:00,FECHADO,Somente sabado,C16,0,Q4,Q4,Q4,Q3,PRODUTIVA,CABO,DAVID GOMES NEGRAO,HELBER EMILIANO ZAROS,Central,63202,De 50k a 99k,Mercados tradicionais,True,False,-22.7832,-47.2941,0.11020521794463888,0.537714952401887,4.5G,14083.0,11149.0,2647.3333333333335,False,132.0,56.0,56.0,0.0,54.0,0.0,7.0,39.392857142,8.5,0.9642857142857143,235.0,210.0,25.0,15.0,40.0,3.0,16.0,0.11020521794463888,ROTINA,0.0,0,
2YQS,CELLULAR.COM,PORTO FELIZ,3540606,RUA,50.0,-,09:00 as 18:00,09:00 as 13:00,FECHADO,Somente sabado,C16,0,Q4,Q4,Q4,Q4,PRODUTIVA,CABO,VALERIA DE SOUZA ZAMBUZI,EDUARDO ALVES DE QUEIROZ,Oeste,54243,De 50k a 99k,Mercados tradicionais,True,False,-23.2093,-47.5251,0.23245094985985673,0.3785997944958205,4.5G,21475.0,17431.0,3781.3333333333335,False,137.5,544.0,534.0,10.0,218.0,1.0,24.0,1013.320224719,166.5,0.40823970037453183,186.0,162.0,31.0,11.0,35.0,1.0,19.0,0.23245094985985673,ROTINA,0.0,0,
4CB1,CELLULAR.COM,CAMPINAS,3509502,SHOPPING,27.0,SHOPPING GALERIA,10:00 as 22:00,10:00 as 22:00,12:00 as 20:00,Sabado e domingo,C16,0,Q4,Q4,Q3,Q4,ATENCAO,CABO,VIVIAN GABRIELA SOARES MARTINS TOSTES,HELBER EMILIANO ZAROS,Central,1241137,Acima de 300k,Mercados tradicionais,True,True,-22.9053,-47.0659,0.38979577546010247,0.4738311034659122,4.5G,590575.0,394602.0,184375.0,False,119.75,39.0,38.0,1.0,25.0,0.0,15.0,1054.394736842,22.5,0.6578947368421053,220.0,184.0,37.0,16.0,14.0,1.0,23.0,0.38979577546010247,ROTINA,0.0,0,
4UAR,HS TELECOM,CACAPAVA,3508504,RUA,28.0,-,09:00 AS 18:00,08:00 as 13:00,FECHADO,Somente sabado,C16,0,Q3,Q4,Q3,Q2,PRODUTIVA,CABO,THIAGO BERNARDES VIEIRA,RAFAEL SILVEIRA DE CARVALHO,Vale/Litoral,97142,De 50k a 99k,Mercados tradicionais,True,False,-23.0992,-45.7076,0.2836436769652207,0.36767494784752514,4.5G,42001.0,33496.0,8056.333333333333,False,132.0,309.0,304.0,5.0,233.0,0.0,8.0,442.217105263,8.0,0.7664473684210527,330.0,283.0,47.0,31.0,47.0,1.0,31.0,0.2836436769652207,ROTINA,0.0,0,
508N,HS TELECOM,VINHEDO,3556701,RUA,30.36,-,09:00 AS 18:00,08:00 as 13:00,FECHADO,Somente sabado,C16,0,Q3,Q2,Q2,Q2,PRODUTIVA,CABO,WILLIAM DE OLIVEIRA BONFIM,HELBER EMILIANO ZAROS,Central,84318,De 50k a 99k,Mercados tradicionais,True,False,-23.0302,-46.9833,0.10445644630842109,0.4078115043284997,4G,20293.0,16704.0,3246.3333333333335,False,132.59,542.0,536.0,6.0,479.0,8.0,19.0,271.5,9.0,0.8936567164179104,337.0,286.0,51.0,31.0,52.0,1.0,29.0,0.10445644630842109,VALIDAR PROCESSO DE SENHAS,1525.0,1,LOUVEIRA
PZ8S,HS TELECOM,MIRASSOL,3530300,RUA,36.0,-,09:00 as 18:00,09:00 as 13:00,FECHADO,Somente sabado,C16,0,Q3,Q4,Q3,Q2,PRODUTIVA,CABO,RENATO PIQUERA AZEVEDO,VIVIANE TANGARI LEMOS PONTES,Oeste,61648,De 50k a 99k,Mercados tradicionais,True,False,-20.8169,-49.5206,0.2649953860350661,0.4680686173889366,4.5G,32362.0,25314.0,6582.333333333333,False,134.0,33.0,33.0,0.0,15.0,0.0,12.0,2692.848484848,158.0,0.45454545454545453,265.0,242.0,23.0,9.0,56.0,4.0,19.0,0.2649953860350661,ROTINA,0.0,0,
654I,FLEX CELL,LIMEIRA,3526902,RUA,65.0,-,09:00 AS 18:00,09:00 as 13:00,FECHADO,Somente sabado,C16,1,Q3,Q4,Q4,Q1,PRODUTIVA,CABO,FREDERICO CARNEIRO SANTIAGO,HELBER EMILIANO ZAROS,Central,315129,Acima de 300k,Mercados tradicionais,True,False,-22.566,-47.397,0.19598902547378905,0.3399393427588148,4.5G,138524.0,117480.0,19150.666666666668,False,141.25,968.0,902.0,66.0,595.0,3.0,26.0,274.716186252,39.5,0.6596452328159645,,,,,,,,0.19598902547378905,ROTINA,2113.0,2,"CORDEIROPOLIS, IRACEMAPOLIS"
65MC,HS TELECOM,SOROCABA,3552205,SHOPPING,85.0,SHOPPING CIDADE,10:00 AS 22:00,10:00 AS 22:00,12:00 AS 20:00,Sabado e domingo,C16,3,Q1,Q2,Q1,Q1,PRODUTIVA,CABO,GLAUCIA CAVALCANTE MARTINS,EDUARDO ALVES DE QUEIROZ,Oeste,710854,Acima de 300k,Mercados tradicionais,True,True,-23.4969,-47.4451,0.431540623991889,0.4073924414362842,4.5G,433954.0,299743.0,129548.66666666667,False,154.25,1192.0,1116.0,76.0,512.0,1.0,26.0,1062.296594982,136.5,0.45878136200716846,666.0,600.0,66.0,52.0,84.0,0.0,47.0,0.431540623991889,MONITORAR ALTO VOLUME,58.2,1,ARACOIABA DA SERRA
I3XD,PRIME,BIRIGUI,3506508,RUA,72.0,-,09:00 as 18:00,09:00 as 13:00,FECHADO,Somente sabado,C16,1,Q3,Q4,Q4,Q1,PRODUTIVA,CABO,VANIA DIAS MALAMAN,VIVIANE TANGARI LEMOS PONTES,Noroeste,128426,De 100k a 299k,Mercados em desenvolvimento,True,False,-21.291,-50.3432,0.05546240503012837,0.2120482558291681,4.5G,25259.0,23099.0,1857.6666666666667,False,143.0,1182.0,791.0,391.0,262.0,1.0,24.0,970.643489254,205.0,0.33122629582806573,298.0,281.0,36.0,8.0,70.0,4.0,24.0,0.05546240503012837,ROTINA,0.0,0,
6WBY,HS TELECOM,MONTE ALTO,3531308,RUA,40.0,-,09:00 AS 18:00,08:00 as 13:00,FECHADO,Somente sabado,C16,0,Q4,Q4,Q4,Q4,PRODUTIVA,CABO,MARISTELA CAPARROZ DE LIRA SILVA,EDUARDO ALVES DE QUEIROZ,Noroeste,51527,De 50k a 99k,Mercados em desenvolvimento,True,False,-21.2655,-48.4971,0.08208955223880597,0.3485889131213177,4G,16255.0,15380.0,608.6666666666666,False,135.0,86.0,84.0,2.0,72.0,0.0,16.0,135.5,13.0,0.8571428571428571,238.0,197.0,41.0,24.0,57.0,0.0,25.0,0.08208955223880597,ROTINA,268.0,3,"CANDIDO RODRIGUES, FERNANDO PRESTES, TAQUARITINGA"
6WG8,FLEX CELL,MOGI GUACU,3530706,SHOPPING,38.0,BOULEVARD SHOPPING,10:00 as 22:00,10:00 as 22:00,14:00 as 20:00,Sabado e domingo,C16,0,Q3,Q4,Q4,Q3,PRODUTIVA,CABO,RAFAEL MICHELINI MENONCELLO,HELBER EMILIANO ZAROS,Central,156243,De 100k a 299k,Mercados tradicionais,True,True,-22.3675,-46.9428,0.2861977464138753,0.3262427207914769,4.5G,66747.0,51109.0,15064.666666666666,False,142.5,25.0,24.0,1.0,1.0,0.0,8.0,1745.375,586.5,0.041666666666666664,,,,,,,,0.2861977464138753,ROTINA,2831.0,2,"ESTIVA GERBI, MOGI MIRIM"
D2EH,CELLULAR.COM,CASA BRANCA,3510807,RUA,28.0,-,09:00 as 18:00,09:00 as 13:00,FECHADO,Somente sabado,C11,0,Q4,Q4,Q4,Q3,PRODUTIVA,CABO,RODRIGO DE SOUZA ALBANO,HELBER EMILIANO ZAROS,Sudeste,30898,De 30k a 49k,Mercados em desenvolvimento,True,False,-21.7708,-47.0852,0.17487980769230768,0.6264189232037543,4.5G,10672.0,9399.0,1018.0,False,102.0,204.0,204.0,0.0,187.0,1.0,21.0,128.946078431,9.5,0.9166666666666666,213.0,200.0,19.0,5.0,39.0,2.0,15.0,0.17487980769230768,VALIDAR PROCESSO DE SENHAS,651.0,2,"SANTA CRUZ DAS PALMEIRAS, TAMBAU"
QRTV,HS TELECOM,CATANDUVA,3511102,SHOPPING,66.0,GARDEN CATANDUVA SHOPPING,10:00 as 22:00,10:00 as 22:00,14:00 as 20:00,Sabado e domingo,C16,0,Q4,Q3,Q3,Q2,PRODUTIVA,CABO,RENATO PIQUERA AZEVEDO,VIVIANE TANGARI LEMOS PONTES,Noroeste,124235,De 100k a 299k,Mercados em desenvolvimento,True,True,-21.1314,-48.977,0.1639680578840554,0.3754597513850738,4.5G,42245.0,34316.0,7217.666666666667,False,149.5,573.0,524.0,49.0,286.0,2.0,29.0,1020.927480916,27.5,0.5458015267175572,345.0,323.0,22.0,16.0,63.0,0.0,16.0,0.1639680578840554,ROTINA,260.5,3,"ITAJOBI, PINDORAMA, SANTA ADELIA"
84Q9,FLEX CELL,PRAIA GRANDE,3541000,SHOPPING,42.0,LITORAL PLAZA SHOPPING,10:00 as 22:00,10:00 as 22:00,15:00 as 21:00,Sabado e domingo,C16,0,Q3,Q3,Q2,Q3,PRODUTIVA,CABO,PAULA AZEVEDO TIBURCIO,RAFAEL SILVEIRA DE CARVALHO,Vale/Litoral,347620,Acima de 300k,Mercados tradicionais,True,True,-24.0084,-46.4121,0.32084602000869944,0.3842570208535731,4.5G,241877.0,175284.0,65028.0,False,143.5,645.0,630.0,15.0,155.0,0.0,31.0,563.33015873,178.5,0.24603174603174602,,,,,,,,0.32084602000869944,ROTINA,0.0,0,
8KGP,CELLULAR.COM,SAO JOSE DOS CAMPOS,3549904,SHOPPING,45.0,SHOPPING COLINAS,10:00 as 22:00,10:00 as 22:00,12:00 as 20:00,Sabado e domingo,C16,0,Q3,Q3,Q2,Q4,PRODUTIVA,CABO,CAMILA DEOLINDA SALGADO,RAFAEL SILVEIRA DE CARVALHO,Vale/Litoral,751961,Acima de 300k,Mercados tradicionais,True,True,-23.1896,-45.8841,0.31513054644029104,0.2980232482988487,4.5G,413436.0,321558.0,87344.66666666667,False,144.25,4.0,2.0,2.0,2.0,0.0,1.0,7.5,7.5,1.0,250.0,212.0,50.0,45.0,24.0,2.0,28.0,0.31513054644029104,ROTINA,0.0,0,
FH75,CELLULAR.COM,RIO CLARO,3543907,RUA,48.0,-,09:00 as 18:00,09:00 as 13:00,FECHADO,Somente sabado,C11,0,Q3,Q4,Q4,Q3,PRODUTIVA,CABO,RODRIGO DE SOUZA ALBANO,HELBER EMILIANO ZAROS,Central,212456,De 100k a 299k,Mercados tradicionais,True,False,-22.3984,-47.5546,0.3431938533282767,0.26868788950648476,4.5G,114691.0,89325.0,24366.333333333332,False,107.0,112.0,111.0,1.0,67.0,0.0,13.0,376.63063063,22.0,0.6036036036036037,234.0,211.0,30.0,14.0,35.0,2.0,25.0,0.3431938533282767,ROTINA,1378.5,1,SANTA GERTRUDES
PG8A,HS TELECOM,ARACATUBA,3502804,SHOPPING,30.0,SHOPPING PRAÇA NOVA,10:00 as 22:00,10:00 as 22:00,14:00 as 20:00,Sabado e domingo,C11,0,Q3,Q3,Q2,Q4,PRODUTIVA,CABO,NILTON JUNIOR FRANCISCO,VIVIANE TANGARI LEMOS PONTES,Noroeste,201194,De 100k a 299k,Mercados em desenvolvimento,True,True,-21.2076,-50.4401,0.3437481577551141,0.28844858229976067,4.5G,121813.0,91504.0,28910.333333333332,False,110.5,91.0,91.0,0.0,65.0,0.0,14.0,905.912087912,20.0,0.7142857142857143,271.0,229.0,42.0,30.0,39.0,0.0,25.0,0.3437481577551141,ROTINA,0.0,0,
ANJT,CELLULAR.COM,SAO JOSE DO RIO PARDO,3549706,RUA,37.5,-,09:00 as 18:00,09:00 as 13:00,FECHADO,Somente sabado,C16,0,Q4,Q4,Q4,Q3,PRODUTIVA,CABO,RODRIGO DE SOUZA ALBANO,HELBER EMILIANO ZAROS,Sudeste,55593,De 50k a 99k,Mercados em desenvolvimento,True,False,-21.5953,-46.8873,0.10324400564174895,0.5543786144222825,4.5G,9373.0,7499.0,1715.3333333333333,False,134.375,583.0,581.0,2.0,567.0,6.0,25.0,12.222030981,7.0,0.9759036144578314,228.0,208.0,25.0,15.0,38.0,2.0,17.0,0.10324400564174895,VALIDAR PROCESSO DE SENHAS,0.0,0,
50L4,HS TELECOM,VALINHOS,3556206,RUA,42.25,-,09:00 AS 18:00,09:00 as 13:00,FECHADO,Somente sabado,C11,0,Q3,Q4,Q4,Q3,PRODUTIVA,CABO,WILLIAM DE OLIVEIRA BONFIM,HELBER EMILIANO ZAROS,Central,137041,De 100k a 299k,Mercados tradicionais,True,False,-22.9698,-46.9974,0.3333635539437897,0.487754772788384,4.5G,63724.0,44694.0,18146.333333333332,False,105.5625,1107.0,1100.0,7.0,575.0,4.0,25.0,745.694545454,39.0,0.5227272727272727,362.0,313.0,49.0,41.0,61.0,0.0,32.0,0.3333635539437897,ROTINA,0.0,0,
BIVZ,FLEX CELL,SAO VICENTE,3551009,SHOPPING,52.0,SHOPPING GALLERIA,09:00 as 19:00,10:00 as 18:00,FECHADO,Somente sabado,C16,0,Q3,Q2,Q2,Q2,PRODUTIVA,CABO,PAULA AZEVEDO TIBURCIO,RAFAEL SILVEIRA DE CARVALHO,Vale/Litoral,375492,Acima de 300k,Mercados tradicionais,True,False,-23.9574,-46.3883,0.2706990985975455,0.46609280997080094,4.5G,105589.0,71173.0,32474.333333333332,False,138.0,1033.0,1026.0,7.0,927.0,0.0,26.0,115.270955165,12.0,0.9035087719298246,,,,,,,,0.2706990985975455,VALIDAR PROCESSO DE SENHAS,0.0,0,
MRKD,TESSAROLI,BARIRI,3505203,RUA,25.0,-,09:00 as 18:00,09:00 as 13:00,FECHADO,Somente sabado,C16,1,Não Cabo,Q4,Q4,Q1,PRODUTIVA,NAO CABO,VG GN VT,VIVIANE TANGARI LEMOS PONTES,Oeste,36386,De 30k a 49k,-,True,False,-22.073,-48.7438,0.0007201728414819557,0.37748344370860926,4.5G,,,0.0,False,131.25,4.0,4.0,0.0,4.0,0.0,1.0,9.75,9.5,1.0,,,,,,,,0.0007201728414819557,ROTINA,49.0,1,ITAJU
PG8S,HS TELECOM,BAURU,3506003,SHOPPING,32.0,BAURU SHOPPING,10:00 as 22:00,10:00 as 22:00,14:00 as 20:00,Sabado e domingo,C16,0,Q3,Q3,Q2,Q4,ATENCAO,CABO,JOAO PAULO VENDRAMINI,VIVIANE TANGARI LEMOS PONTES,Oeste,386193,Acima de 300k,Mercados tradicionais,True,True,-22.3246,-49.0871,0.26189757014364345,0.3722112170360282,4.5G,193238.0,144485.0,45604.333333333336,False,121.0,242.0,231.0,11.0,104.0,1.0,24.0,1105.272727272,89.0,0.45021645021645024,289.0,238.0,51.0,31.0,21.0,1.0,31.0,0.26189757014364345,ROTINA,1330.5,3,"AGUDOS, AVAI, PIRATININGA"
ERH6,HS TELECOM,SAO JOSE DOS CAMPOS,3549904,SHOPPING,110.0,VALE SUL,10:00 as 22:00,10:00 as 22:00,14:00 as 20:00,Sabado e domingo,C16,3,Q1,Q1,Q1,Q2,PRODUTIVA,CABO,THIAGO BERNARDES VIEIRA,RAFAEL SILVEIRA DE CARVALHO,Vale/Litoral,751961,Acima de 300k,Mercados tradicionais,True,True,-23.1896,-45.8841,0.31513054644029104,0.2980232482988487,4.5G,413436.0,321558.0,87344.66666666667,False,160.5,918.0,861.0,57.0,471.0,3.0,28.0,851.13124274,26.0,0.5470383275261324,621.0,500.0,121.0,113.0,58.0,1.0,78.0,0.31513054644029104,MONITORAR ALTO VOLUME,0.0,0,
1QS6,HS TELECOM,ARTUR NOGUEIRA,3503802,RUA,50.0,-,09:00 AS 18:00,09:00 as 13:00,FECHADO,Somente sabado,C11,0,Q4,Q4,Q4,Q3,PRODUTIVA,CABO,RAFAEL MICHELINI MENONCELLO,HELBER EMILIANO ZAROS,Central,58051,De 50k a 99k,Mercados tradicionais,True,False,-22.5727,-47.1727,0.1259600614439324,0.4433242506811989,4.5G,19051.0,16692.0,2104.0,False,107.5,804.0,782.0,22.0,679.0,9.0,21.0,288.75831202,9.0,0.8682864450127877,294.0,267.0,27.0,15.0,50.0,0.0,19.0,0.1259600614439324,VALIDAR PROCESSO DE SENHAS,1419.0,1,ENGENHEIRO COELHO
FOXW,CELLULAR.COM,AMERICANA,3501608,SHOPPING,32.9,AMERICANA SHOPPING,09:00 as 18:00,10:00 as 22:00,14:00 as 20:00,Sabado e domingo,C16,0,Q4,Q4,Q4,Q4,IMPRODUTIVA,CABO,VIVIAN GABRIELA SOARES MARTINS TOSTES,HELBER EMILIANO ZAROS,Central,248901,De 100k a 299k,Mercados tradicionais,True,True,-22.7374,-47.3331,0.4173613560832513,0.5222108015105132,4.5G,171426.0,124660.0,44035.333333333336,False,101.225,101.0,88.0,13.0,47.0,0.0,22.0,1979.579545454,39.5,0.5340909090909091,207.0,189.0,25.0,14.0,27.0,1.0,14.0,0.4173613560832513,ROTINA,0.0,0,
57HL,CELLULAR.COM,TREMEMBE,3554805,RUA,18.0,-,09:00 AS 18:00,08:00 as 13:00,FECHADO,Somente sabado,C16,0,Q4,Q4,Q4,Q4,PRODUTIVA,CABO,NATAN DOS SANTOS MOREIRA LIMA,RAFAEL SILVEIRA DE CARVALHO,Sudeste,49225,De 30k a 49k,Mercados em desenvolvimento,True,False,-22.9571,-45.5475,0.41276342736341415,0.5432009409210169,4.5G,17203.0,10838.0,6216.0,False,129.5,21.0,19.0,2.0,15.0,0.0,6.0,551.631578947,17.0,0.7894736842105263,252.0,215.0,38.0,31.0,27.0,1.0,33.0,0.41276342736341415,ROTINA,0.0,0,
GXNT,CELLULAR.COM,CARAGUATATUBA,3510500,SHOPPING,33.0,CARAGUA SHOPPING,09:00 as 19:00,09:00 as 17:00,FECHADO,Somente sabado,C16,4,Q1,Q1,Q1,Q1,PRODUTIVA,CABO,NATAN DOS SANTOS MOREIRA LIMA,RAFAEL SILVEIRA DE CARVALHO,Vale/Litoral,128757,De 100k a 299k,Mercados tradicionais,True,False,-23.6125,-45.4125,0.4858885572715946,0.3184448017274765,4.5G,93299.0,59659.0,32475.0,False,133.25,1971.0,931.0,1040.0,210.0,4.0,26.0,794.174006444,236.0,0.22556390977443608,509.0,415.0,93.0,58.0,76.0,6.0,83.0,0.4858885572715946,MONITORAR ALTO VOLUME,0.0,0,
UC1U,DOUGLAS,OURINHOS,3534708,RUA,31.0,-,09:00 as 18:00,09:00 as 13:00,FECHADO,Somente sabado,C16,0,Q3,Q3,Q4,Q3,PRODUTIVA,CABO,JOAO PAULO VENDRAMINI,VIVIANE TANGARI LEMOS PONTES,Noroeste,116615,De 100k a 299k,Mercados em desenvolvimento,True,False,-22.9797,-49.8697,0.05248504371836171,0.1307261452290458,4.5G,26927.0,24636.0,2092.6666666666665,False,132.75,,,,,,,,,,4.0,0.0,4.0,0.0,0.0,0.0,0.0,0.05248504371836171,ROTINA,0.0,0,
WD3T,HS TELECOM,OLIMPIA,3533908,RUA,25.0,-,09:00 as 18:00,09:00 as 13:00,FECHADO,Somente sabado,C16,0,Q3,Q4,Q4,Q3,PRODUTIVA,CABO,VITOR FERNANDO FARIA SARAVALLI,VIVIANE TANGARI LEMOS PONTES,Noroeste,56122,De 50k a 99k,Mercados em desenvolvimento,True,False,-20.7366,-48.9106,0.14939024390243902,0.25324923061271204,4.5G,29040.0,26970.0,1813.3333333333333,False,131.25,472.0,411.0,61.0,288.0,2.0,22.0,646.934306569,13.0,0.7007299270072993,262.0,240.0,22.0,27.0,59.0,1.0,12.0,0.14939024390243902,ROTINA,0.0,0,
81DQ,DOUGLAS,SAO MANUEL,3550100,RUA,50.0,-,09:00 as 18:00,09:00 as 13:00,FECHADO,Somente sabado,C16,0,Não Cabo,Q4,Q4,Q3,PRODUTIVA,NAO CABO,JOAO PAULO VENDRAMINI,VIVIANE TANGARI LEMOS PONTES,Oeste,41578,De 30k a 49k,-,True,False,-22.7321,-48.5723,0.0018502021517165764,0.5498977796795512,4.5G,,,0.0,False,137.5,31.0,30.0,1.0,21.0,1.0,10.0,531.833333333,22.0,0.7,2.0,0.0,2.0,0.0,0.0,0.0,0.0,0.0018502021517165764,ROTINA,1258.0,2,"AREIOPOLIS, PRATANIA"
P5L1,MA CELULARES,AURIFLAMA,3504206,RUA,30.0,-,09:00 as 18:00,09:00 as 13:00,FECHADO,Somente sabado,C16,0,Não Cabo,Q4,Q4,Q3,PRODUTIVA,NAO CABO,ANA CLINIO DA SILVA,VIVIANE TANGARI LEMOS PONTES,Oeste,15427,Até 29K,-,True,False,-20.6836,-50.5572,0.01486988847583643,0.6983562315996075,4.5G,,,0.0,False,132.5,1038.0,987.0,51.0,478.0,2.0,24.0,294.716312056,63.0,0.48429584599797365,155.0,155.0,0.0,1.0,33.0,1.0,0.0,0.01486988847583643,ROTINA,0.0,0,
5EO2,HS TELECOM,BAURU,3506003,RUA,140.0,-,09:00 as 18:00,09:00 as 13:00,FECHADO,Somente sabado,C16,0,Q3,Q4,Q4,Q4,ATENCAO,CABO,VG GN VT,VIVIANE TANGARI LEMOS PONTES,Oeste,386193,Acima de 300k,Mercados tradicionais,True,False,-22.3246,-49.0871,0.26189757014364345,0.3722112170360282,4.5G,193238.0,144485.0,45604.333333333336,False,135.0,281.0,244.0,37.0,22.0,0.0,19.0,1791.422131147,1017.0,0.09016393442622951,265.0,220.0,45.0,24.0,16.0,0.0,33.0,0.26189757014364345,ROTINA,1330.5,3,"AGUDOS, AVAI, PIRATININGA"
J4D7,DOM BARRETO,AMERICANA,3501608,RUA,38.62,-,09:00 as 18:00,09:00 as 13:00,FECHADO,Somente sabado,C16,0,Q4,Q4,Q4,Q4,PRODUTIVA,CABO,DAVID GOMES NEGRAO,HELBER EMILIANO ZAROS,Central,248901,De 100k a 299k,Mercados tradicionais,True,False,-22.7374,-47.3331,0.4173613560832513,0.5222108015105132,4.5G,171426.0,124660.0,44035.333333333336,False,134.655,66.0,64.0,2.0,64.0,0.0,15.0,16.109375,12.0,1.0,191.0,174.0,19.0,12.0,37.0,1.0,15.0,0.4173613560832513,ROTINA,0.0,0,
E7UC,DOM BARRETO,SUMARE,3552403,RUA,28.0,-,09:00 as 18:00,09:00 as 13:00,FECHADO,Somente sabado,C16,0,Q3,Q4,Q3,Q2,PRODUTIVA,CABO,DAVID GOMES NEGRAO,HELBER EMILIANO ZAROS,Central,297054,De 100k a 299k,Mercados tradicionais,True,False,-22.8204,-47.2728,0.1833766998870833,0.4316383424230619,4.5G,102462.0,83351.0,17230.666666666668,False,132.0,2.0,2.0,0.0,2.0,0.0,1.0,49.0,49.0,1.0,332.0,291.0,51.0,30.0,57.0,3.0,27.0,0.1833766998870833,ROTINA,0.0,0,
JTX8,HS TELECOM,RIBEIRAO PRETO,3543402,SHOPPING,86.25,NOVO SHOPPING CENTER RIBEIRÃO PRETO,10:00 as 22:00,10:00 as 22:00,14:00 as 20:00,Sabado e domingo,C16,4,Q1,Q1,Q1,Q1,PRODUTIVA,CABO,RODRIGO PROSPERO FERREIRA DA SILVA,EDUARDO ALVES DE QUEIROZ,Oeste,736271,Acima de 300k,Mercados tradicionais,True,True,-21.1699,-47.8099,0.31582934647326016,0.4850988678804666,4.5G,356532.0,252102.0,97484.0,False,154.5625,410.0,70.0,340.0,16.0,0.0,11.0,1420.742857142,443.5,0.22857142857142856,902.0,762.0,140.0,103.0,124.0,0.0,78.0,0.31582934647326016,MONITORAR ALTO VOLUME,0.0,0,
K19U,FLEX CELL,SAO VICENTE,3551009,SHOPPING,52.0,SHOPPING BRISAMAR,10:00 as 22:00,10:00 as 22:00,15:00 as 21:00,Sabado e domingo,C16,2,Q2,Q2,Q1,Q1,PRODUTIVA,CABO,PAULA AZEVEDO TIBURCIO,RAFAEL SILVEIRA DE CARVALHO,Vale/Litoral,375492,Acima de 300k,Mercados tradicionais,True,True,-23.9574,-46.3883,0.2706990985975455,0.46609280997080094,4.5G,105589.0,71173.0,32474.333333333332,False,146.0,1118.0,1112.0,6.0,862.0,0.0,31.0,305.798561151,12.0,0.7751798561151079,,,,,,,,0.2706990985975455,ROTINA,0.0,0,
KBV1,CELLULAR.COM,ILHABELA,3520400,RUA,26.0,-,09:00 AS 18:00,09:00 as 13:00,FECHADO,Somente sabado,C16,0,Não Cabo,Q4,Q4,Q3,ATENCAO,NAO CABO,NATAN DOS SANTOS MOREIRA LIMA,RAFAEL SILVEIRA DE CARVALHO,Vale/Litoral,37393,De 30k a 49k,-,True,False,-23.7785,-45.3552,0.0009352106821842365,0.5705825643850709,4.5G,,,0.0,False,111.5,162.0,160.0,2.0,145.0,0.0,14.0,222.10625,18.0,0.90625,217.0,216.0,1.0,3.0,54.0,2.0,0.0,0.0009352106821842365,VALIDAR PROCESSO DE SENHAS,0.0,0,
KL68,J. P. MACHADO,GUARATINGUETA,3518404,SHOPPING,34.0,BURITI SHOPPING,10:00 as 22:00,10:00 as 22:00,14:00 as 20:00,Sabado e domingo,C16,3,Q1,Q1,Q1,Q2,PRODUTIVA,CABO,THIAGO BERNARDES VIEIRA,RAFAEL SILVEIRA DE CARVALHO,Sudeste,124455,De 100k a 299k,Mercados em desenvolvimento,True,True,-22.8075,-45.1938,0.23698305382386514,0.3832927334922774,4.5G,54876.0,43460.0,10662.666666666666,False,141.5,179.0,170.0,9.0,9.0,0.0,26.0,1274.617647058,529.5,0.052941176470588235,488.0,401.0,86.0,45.0,49.0,7.0,54.0,0.23698305382386514,MONITORAR ALTO VOLUME,0.0,0,
LCK9,ADESIENE,PIRACICABA,3538709,RUA,71.0,-,09:00 as 18:00,09:00 as 13:00,FECHADO,Somente sabado,C16,0,Q3,Q4,Q4,Q2,PRODUTIVA,CABO,WILLIAM DE OLIVEIRA BONFIM,HELBER EMILIANO ZAROS,Central,415983,Acima de 300k,Mercados tradicionais,True,False,-22.7338,-47.6476,0.317952525495163,0.33153669928430624,4.5G,195814.0,134315.0,58404.333333333336,False,142.75,1641.0,1515.0,126.0,197.0,0.0,24.0,819.130693069,337.0,0.13003300330033005,336.0,309.0,27.0,15.0,42.0,2.0,23.0,0.317952525495163,ROTINA,1101.0,2,"RIO DAS PEDRAS, SALTINHO"
LNJ9,CELLULAR.COM,SERRANA,3551504,RUA,51.0,-,09:00 as 18:00,09:00 as 13:00,FECHADO,Somente sabado,C16,0,Q4,Q4,Q4,Q3,PRODUTIVA,CABO,RODRIGO PROSPERO FERREIRA DA SILVA,EDUARDO ALVES DE QUEIROZ,Noroeste,47182,De 30k a 49k,Mercados em desenvolvimento,True,False,-21.2043,-47.5952,0.31622310861178315,0.6968493612557599,4.5G,15538.0,10658.0,4355.333333333333,False,137.75,11.0,10.0,1.0,9.0,0.0,3.0,209.5,15.0,0.9,287.0,267.0,21.0,7.0,46.0,0.0,20.0,0.31622310861178315,ROTINA,155.0,1,SERRA AZUL
JOKX,CONVERGE.NET,PROMISSAO,3541604,RUA,24.0,-,09:00 as 18:00,09:00 as 13:00,FECHADO,Somente sabado,C16,0,Q4,Q4,Q4,Q3,PRODUTIVA,CABO,VG GN VT,VIVIANE TANGARI LEMOS PONTES,Noroeste,41948,De 30k a 49k,Mercados em desenvolvimento,True,False,-21.5356,-49.8599,0.0682892551424556,0.5547577349678926,4.5G,7190.0,6035.0,967.3333333333334,False,131.0,7.0,7.0,0.0,2.0,0.0,2.0,474.714285714,105.0,0.2857142857142857,209.0,187.0,28.0,9.0,39.0,2.0,17.0,0.0682892551424556,ROTINA,0.0,0,
BABI,CELLULAR.COM,FRANCA,3516200,RUA,45.3,-,09:00 as 18:00,09:00 as 13:00,FECHADO,Somente sabado,C11,0,Q4,Q4,Q4,Q3,PRODUTIVA,CABO,MARIA ROSÂNGELA DE JESUS,EDUARDO ALVES DE QUEIROZ,Oeste,363521,Acima de 300k,Mercados tradicionais,True,False,-20.5352,-47.4039,0.26890991154646954,0.6733911609297212,4.5G,170400.0,129792.0,37156.333333333336,False,106.325,197.0,193.0,4.0,141.0,0.0,15.0,387.07253886,25.0,0.7305699481865285,245.0,219.0,31.0,11.0,36.0,1.0,24.0,0.26890991154646954,ROTINA,889.75,4,"CRISTAIS PAULISTA, ITIRAPUA, PATROCINIO PAULISTA, RIBEIRAO CORRENTE"
N8J5,HS TELECOM,VALINHOS,3556206,SHOPPING,38.15,VALINHOS SHOPPING,10:00 as 22:00,10:00 as 22:00,14:00 AS 20:00,Sabado e domingo,C16,0,Q4,Q2,Q3,Q4,IMPRODUTIVA,CABO,WILLIAM DE OLIVEIRA BONFIM,HELBER EMILIANO ZAROS,Central,137041,De 100k a 299k,Mercados tradicionais,True,True,-22.9698,-46.9974,0.3333635539437897,0.487754772788384,4.5G,63724.0,44694.0,18146.333333333332,False,102.5375,89.0,76.0,13.0,53.0,0.0,14.0,335.25,26.5,0.6973684210526315,289.0,259.0,30.0,11.0,42.0,0.0,18.0,0.3333635539437897,ROTINA,0.0,0,
NK1R,DIEGO,MONGAGUA,3531100,RUA,50.0,-,09:00 as 18:00,09:00 as 18:00,FECHADO,Somente sabado,C16,0,Q2,Q4,Q4,Q3,PRODUTIVA,CABO,NELISA APARECIDA BARREIROS FERREIRA,RAFAEL SILVEIRA DE CARVALHO,Vale/Litoral,60391,De 50k a 99k,Mercados tradicionais,True,False,-24.0809,-46.6265,0.4028031387257563,0.4472621095156194,4.5G,63848.0,47378.0,15893.666666666666,False,137.5,467.0,445.0,22.0,82.0,0.0,24.0,684.384269662,247.0,0.1842696629213483,325.0,279.0,53.0,33.0,60.0,0.0,42.0,0.4028031387257563,ROTINA,0.0,0,
NT7E,BONELI BIAZI,PORTO FERREIRA,3540705,RUA,51.0,-,09:00 as 18:00,09:00 as 13:00,FECHADO,Somente sabado,C16,0,Q2,Q4,Q4,Q2,PRODUTIVA,CABO,DAVID GOMES NEGRAO,HELBER EMILIANO ZAROS,Sudeste,57487,De 50k a 99k,Mercados em desenvolvimento,True,False,-21.8498,-47.487,0.10237642121700093,0.4566251279272771,4.5G,17596.0,15463.0,1738.0,False,137.75,64.0,64.0,0.0,55.0,0.0,17.0,130.125,20.0,0.859375,335.0,311.0,37.0,17.0,47.0,2.0,26.0,0.10237642121700093,ROTINA,0.0,0,
CJIB,HS TELECOM,LENCOIS PAULISTA,3526803,RUA,73.69,-,09:00 AS 18:00,09:00 as 13:00,FECHADO,Somente sabado,C16,0,Q3,Q4,Q4,Q4,PRODUTIVA,CABO,JOAO PAULO VENDRAMINI,VIVIANE TANGARI LEMOS PONTES,Sudeste,70563,De 50k a 99k,Mercados em desenvolvimento,True,False,-22.6027,-48.8037,0.08988498503229872,0.1322954822954823,4.5G,22525.0,20278.0,1899.3333333333333,False,143.4225,63.0,43.0,20.0,6.0,0.0,8.0,968.418604651,342.0,0.13953488372093023,255.0,218.0,37.0,39.0,45.0,0.0,32.0,0.08988498503229872,ROTINA,5695.0,2,"BOREBI, MACATUBA"
PD8V,CELLULAR.COM,SAO CARLOS,3548906,RUA,60.0,-,09:00 as 18:00,09:00 as 13:00,FECHADO,Somente sabado,C16,2,Q1,Q2,Q2,Q1,PRODUTIVA,CABO,MARISTELA CAPARROZ DE LIRA SILVA,EDUARDO ALVES DE QUEIROZ,Oeste,261591,De 100k a 299k,Mercados tradicionais,True,False,-22.0174,-47.886,0.40523881564728764,0.4643142980748432,4.5G,161255.0,112218.0,46937.333333333336,False,140.0,58.0,55.0,3.0,17.0,0.0,5.0,451.981818181,196.0,0.3090909090909091,580.0,496.0,86.0,35.0,58.0,1.0,71.0,0.40523881564728764,MONITORAR ALTO VOLUME,3818.0,2,"IBATE, RIBEIRAO BONITO"
1AP6,CELLULAR.COM,PITANGUEIRAS,3539509,RUA,51.0,-,09:00 as 18:00,09:00 as 13:00,FECHADO,Somente sabado,C11,0,Não Cabo,Q4,Q4,Q4,PRODUTIVA,NAO CABO,FERNANDA BATISTA BARRIONOVO,EDUARDO ALVES DE QUEIROZ,Oeste,41099,De 30k a 49k,-,True,False,-21.0132,-48.221,0.001665080875356803,0.6278845574501416,4.5G,,,0.0,False,107.75,38.0,37.0,1.0,31.0,0.0,7.0,517.756756756,18.0,0.8378378378378378,163.0,158.0,6.0,4.0,41.0,0.0,0.0,0.001665080875356803,ROTINA,0.0,0,
PE7O,BONELI BIAZI,DESCALVADO,3513702,RUA,58.0,-,09:00 AS 18:00,09:00 as 13:00,FECHADO,Somente sabado,C16,0,Q4,Q4,Q4,Q4,PRODUTIVA,CABO,DAVID GOMES NEGRAO,HELBER EMILIANO ZAROS,Sudeste,34440,De 30k a 49k,Mercados em desenvolvimento,True,False,-21.9002,-47.6181,0.13835797571823535,0.5418608223667366,4.5G,5336.0,4064.0,1084.6666666666667,False,139.5,67.0,67.0,0.0,20.0,0.0,20.0,381.641791044,118.0,0.29850746268656714,249.0,238.0,15.0,2.0,28.0,1.0,12.0,0.13835797571823535,ROTINA,0.0,0,
HWJ5,CELLULAR.COM,PRESIDENTE PRUDENTE,3541406,SHOPPING,81.2,PRUDENSHOPPING,10:00 as 22:00,10:00 as 22:00,14:00 as 20:00,Sabado e domingo,C16,0,Q4,Q4,Q4,Q3,IMPRODUTIVA,CABO,NILTON JUNIOR FRANCISCO,VIVIANE TANGARI LEMOS PONTES,Noroeste,234920,De 100k a 299k,Mercados em desenvolvimento,True,True,-22.1207,-51.3925,0.09274947112784951,0.16598713218006098,4.5G,56643.0,46908.0,8970.333333333334,False,113.3,32.0,24.0,8.0,20.0,0.0,9.0,1038.5,19.0,0.8333333333333334,234.0,221.0,25.0,20.0,40.0,2.0,20.0,0.09274947112784951,ROTINA,0.0,0,
282U,BONELI BIAZI,SANTA RITA DO PASSA QUATRO,3547502,RUA,51.0,-,09:00 as 18:00,09:00 as 13:00,FECHADO,Somente sabado,C16,0,Não Cabo,Q4,Q4,Q3,PRODUTIVA,NAO CABO,DAVID GOMES NEGRAO,HELBER EMILIANO ZAROS,Central,27696,Até 29K,-,True,False,-21.7083,-47.478,0.0031196213425129086,0.5197760964507597,4.5G,,,0.0,False,137.75,111.0,111.0,0.0,106.0,2.0,11.0,55.594594594,7.0,0.954954954954955,208.0,200.0,8.0,0.0,43.0,3.0,0.0,0.0031196213425129086,VALIDAR PROCESSO DE SENHAS,0.0,0,
PG8H,HS TELECOM,SERTAOZINHO,3551702,RUA,75.0,-,09:00 as 18:00,09:00 as 13:00,FECHADO,Somente sabado,C16,2,Q3,Q2,Q1,Q1,PRODUTIVA,CABO,FERNANDA BATISTA BARRIONOVO,EDUARDO ALVES DE QUEIROZ,Oeste,130924,De 100k a 299k,Mercados tradicionais,True,False,-21.1316,-47.9875,0.22079163496615362,0.6538590731289753,4.5G,51000.0,38855.0,11241.666666666666,False,143.75,82.0,77.0,5.0,62.0,0.0,12.0,477.831168831,20.0,0.8051948051948052,495.0,431.0,64.0,42.0,78.0,0.0,42.0,0.22079163496615362,MONITORAR ALTO VOLUME,0.0,0,
HWY1,DOUGLAS,BOTUCATU,3507506,SHOPPING,28.35,PARQUE SHOPPING BOTUCATU,10:00 as 22:00,10:00 as 22:00,14:00 as 20:00,Sabado e domingo,C16,0,Q3,Q4,Q4,Q4,PRODUTIVA,CABO,JOAO PAULO VENDRAMINI,VIVIANE TANGARI LEMOS PONTES,Sudeste,152797,De 100k a 299k,Mercados em desenvolvimento,True,True,-22.8837,-48.4437,0.20758336455601348,0.23511248756080094,4.5G,76391.0,61830.0,13126.0,False,140.0875,9.0,5.0,4.0,1.0,0.0,1.0,686.6,319.0,0.2,2.0,0.0,2.0,0.0,0.0,0.0,0.0,0.20758336455601348,ROTINA,621.0,3,"BOFETE, ITATINGA, PARDINHO"
PE9P,VIRACLARO,VIRADOURO,3556800,RUA,40.0,-,09:00 as 18:00,09:00 as 13:00,FECHADO,Somente sabado,C11,0,Não Cabo,Q4,Q4,Q4,ATENCAO,NAO CABO,VITOR FERNANDO FARIA SARAVALLI,VIVIANE TANGARI LEMOS PONTES,Oeste,19350,Até 29K,-,True,False,-20.8734,-48.293,0.0016456390565002743,0.8178133333333333,4.5G,,,0.0,False,85.0,12.0,12.0,0.0,2.0,0.0,6.0,1123.333333333,595.5,0.16666666666666666,127.0,127.0,0.0,1.0,15.0,0.0,0.0,0.0016456390565002743,ROTINA,0.0,0,
PMA1,CELLULAR.COM,MIRANDOPOLIS,3530102,RUA,49.0,-,09:00 as 18:00,09:00 as 13:00,FECHADO,Somente sabado,C16,0,Q4,Q4,Q4,Q4,PRODUTIVA,CABO,NILTON JUNIOR FRANCISCO,VIVIANE TANGARI LEMOS PONTES,Noroeste,30093,De 30k a 49k,Mercados em desenvolvimento,True,False,-21.1313,-51.1035,0.21360135262070262,0.5823066528892775,4.5G,9324.0,8143.0,1053.0,False,137.25,313.0,311.0,2.0,4.0,0.0,26.0,1463.118971061,820.0,0.012861736334405145,167.0,144.0,32.0,6.0,25.0,1.0,23.0,0.21360135262070262,ROTINA,0.0,0,
PG8R,HS TELECOM,FRANCA,3516200,RUA,94.0,-,09:00 as 18:00,09:00 as 13:00,FECHADO,Somente sabado,C16,1,Q3,Q4,Q3,Q1,PRODUTIVA,CABO,MARIA ROSÂNGELA DE JESUS,EDUARDO ALVES DE QUEIROZ,Oeste,363521,Acima de 300k,Mercados tradicionais,True,False,-20.5352,-47.4039,0.26890991154646954,0.6733911609297212,4.5G,170400.0,129792.0,37156.333333333336,False,148.5,632.0,513.0,119.0,308.0,2.0,16.0,414.927875243,21.0,0.6003898635477583,429.0,400.0,29.0,13.0,64.0,1.0,23.0,0.26890991154646954,MONITORAR ALTO VOLUME,889.75,4,"CRISTAIS PAULISTA, ITIRAPUA, PATROCINIO PAULISTA, RIBEIRAO CORRENTE"
7DBW,PRIME,DRACENA,3514403,RUA,21.0,-,09:00 as 18:00,09:00 as 13:00,FECHADO,Somente sabado,C16,0,Q4,Q4,Q4,Q4,PRODUTIVA,CABO,VANIA DIAS MALAMAN,VIVIANE TANGARI LEMOS PONTES,Noroeste,47732,De 30k a 49k,Mercados em desenvolvimento,True,False,-21.4843,-51.535,0.12502671511006624,0.054663303426035315,4.5G,19090.0,17051.0,1705.0,False,130.25,117.0,114.0,3.0,8.0,0.0,14.0,581.0,397.5,0.07017543859649122,71.0,62.0,19.0,14.0,9.0,0.0,17.0,0.12502671511006624,ROTINA,0.0,0,
PG9B,HS TELECOM,ARARAQUARA,3503208,SHOPPING,36.0,SHOPPING JARAGUA,10:00 as 22:00,10:00 as 22:00,14:00 as 20:00,Sabado e domingo,C16,4,Q1,Q1,Q1,Q1,PRODUTIVA,CABO,MARISTELA CAPARROZ DE LIRA SILVA,EDUARDO ALVES DE QUEIROZ,Oeste,244769,De 100k a 299k,Mercados tradicionais,True,True,-21.7845,-48.178,0.2736325346573317,0.2338481084283968,4.5G,154641.0,123600.0,29608.666666666668,False,142.0,244.0,239.0,5.0,151.0,1.0,29.0,887.163179916,19.0,0.6317991631799164,393.0,315.0,78.0,90.0,39.0,2.0,56.0,0.2736325346573317,ROTINA,5547.0,6,"AMERICO BRASILIENSE, BOA ESPERANCA DO SUL, GUATAPARA, RINCAO, SANTA LUCIA, TRABIJU"
A4RA,DOM BARRETO,HORTOLANDIA,3519071,RUA,24.0,-,09:00 as 18:00,09:00 as 13:00,FECHADO,Somente sabado,C24,0,Q4,Q4,Q4,Q3,PRODUTIVA,CABO,DAVID GOMES NEGRAO,HELBER EMILIANO ZAROS,Central,244095,De 100k a 299k,Mercados tradicionais,True,False,-22.8529,-47.2143,0.1305476913049677,0.42994321821494985,4.5G,75606.0,62713.0,11894.666666666666,False,161.0,159.0,152.0,7.0,133.0,0.0,14.0,161.565789473,7.0,0.875,269.0,241.0,28.0,10.0,52.0,3.0,14.0,0.1305476913049677,VALIDAR PROCESSO DE SENHAS,0.0,0,
IYNZ,CONVERGE.NET,SANTA CRUZ DO RIO PARDO,3546405,RUA,33.0,-,09:00 as 18:00,09:00 as 13:00,FECHADO,Somente sabado,C16,0,Q4,Q4,Q4,Q4,IMPRODUTIVA,CABO,VG GN VT,VIVIANE TANGARI LEMOS PONTES,Noroeste,48692,De 30k a 49k,Mercados em desenvolvimento,True,False,-22.8988,-49.6354,0.05059152250163486,0.07755263478155044,4G,7573.0,6684.0,828.6666666666666,False,93.25,3.0,1.0,2.0,0.0,0.0,2.0,998.0,998.0,0.0,84.0,68.0,17.0,1.0,21.0,2.0,9.0,0.05059152250163486,ROTINA,1222.0,3,"AGUAS DE SANTA BARBARA, MANDURI, OLEO"
PT9H,HS TELECOM,SOROCABA,3552205,RUA,100.0,-,09:00 AS 18:00,09:00 as 13:00,FECHADO,Somente sabado,C16,1,Q2,Q3,Q2,Q1,PRODUTIVA,CABO,GLAUCIA CAVALCANTE MARTINS,EDUARDO ALVES DE QUEIROZ,Oeste,710854,Acima de 300k,Mercados tradicionais,True,False,-23.4969,-47.4451,0.431540623991889,0.4073924414362842,4.5G,433954.0,299743.0,129548.66666666667,False,150.0,1533.0,1188.0,345.0,341.0,0.0,22.0,732.604377104,230.0,0.28703703703703703,490.0,433.0,57.0,51.0,75.0,0.0,43.0,0.431540623991889,MONITORAR ALTO VOLUME,58.2,1,ARACOIABA DA SERRA
6OYN,CELLULAR.COM,GUARARAPES,3518206,RUA,50.0,-,09:00 as 18:00,09:00 as 13:00,FECHADO,Somente sabado,C11,0,Q3,Q4,Q4,Q4,PRODUTIVA,CABO,NILTON JUNIOR FRANCISCO,VIVIANE TANGARI LEMOS PONTES,Noroeste,33541,De 30k a 49k,Mercados em desenvolvimento,True,False,-21.2544,-50.6453,0.20716951260884314,0.3670389208314905,4.5G,13947.0,12093.0,1671.3333333333333,False,107.5,138.0,138.0,0.0,100.0,0.0,26.0,321.188405797,23.0,0.7246376811594203,138.0,114.0,24.0,11.0,23.0,0.0,21.0,0.20716951260884314,ROTINA,0.0,0,
EJFC,FLEX CELL,ITAPIRA,3522604,RUA,65.0,-,09:00 as 18:00,09:00 as 13:00,FECHADO,Somente sabado,C16,0,Q4,Q4,Q4,Q3,IMPRODUTIVA,CABO,RAFAEL MICHELINI MENONCELLO,HELBER EMILIANO ZAROS,Sudeste,76515,De 50k a 99k,Mercados em desenvolvimento,True,False,-22.4357,-46.8224,0.13173625981441828,0.432659793814433,4.5G,10407.0,7378.0,2900.3333333333335,False,101.25,24.0,22.0,2.0,3.0,0.0,6.0,433.181818181,246.0,0.13636363636363635,,,,,,,,0.13173625981441828,ROTINA,200.0,1,LINDOIA
QLEQ,FLEX CELL,MOGI GUACU,3530706,SHOPPING,59.9,BURITI SHOPPING MOGI-GUAÇU,10:00 as 22:00,10:00 as 22:00,14:00 as 20:00,Sabado e domingo,C16,0,Q4,Q4,Q4,Q3,ATENCAO,CABO,RAFAEL MICHELINI MENONCELLO,HELBER EMILIANO ZAROS,Central,156243,De 100k a 299k,Mercados tradicionais,True,True,-22.3675,-46.9428,0.2861977464138753,0.3262427207914769,4.5G,66747.0,51109.0,15064.666666666666,False,127.975,5.0,5.0,0.0,0.0,0.0,2.0,1290.8,607.0,0.0,,,,,,,,0.2861977464138753,ROTINA,2831.0,2,"ESTIVA GERBI, MOGI MIRIM"
QOUD,FLEX CELL,CUBATAO,3513504,RUA,46.0,-,09:00 AS 18:00,09:00 AS 13:00,FECHADO,Somente sabado,C16,0,Q4,Q4,Q4,Q2,PRODUTIVA,CABO,PAULA AZEVEDO TIBURCIO,RAFAEL SILVEIRA DE CARVALHO,Vale/Litoral,134198,De 100k a 299k,Mercados tradicionais,True,False,-23.8911,-46.424,0.18321820140693326,0.46142435371210483,4.5G,21750.0,15691.0,5763.666666666667,False,136.5,335.0,327.0,8.0,319.0,0.0,21.0,26.703363914,9.0,0.9755351681957186,,,,,,,,0.18321820140693326,VALIDAR PROCESSO DE SENHAS,0.0,0,
RUCT,CELLULAR.COM,SOROCABA,3552205,SHOPPING,90.0,SHOPPING CIANE,10:00 AS 22:00,10:00 AS 22:00,12:00 AS 20:00,Sabado e domingo,C16,3,Q1,Q2,Q1,Q1,PRODUTIVA,CABO,VALERIA DE SOUZA ZAMBUZI,EDUARDO ALVES DE QUEIROZ,Oeste,710854,Acima de 300k,Mercados tradicionais,True,True,-23.4969,-47.4451,0.431540623991889,0.4073924414362842,4.5G,433954.0,299743.0,129548.66666666667,False,155.5,1990.0,1893.0,97.0,961.0,7.0,27.0,556.097200211,56.0,0.5076597992604331,778.0,723.0,70.0,60.0,105.0,2.0,48.0,0.431540623991889,MONITORAR ALTO VOLUME,58.2,1,ARACOIABA DA SERRA
TOJ0,DOM BARRETO,SUMARE,3552403,RUA,40.0,-,09:00 as 18:00,09:00 as 13:00,FECHADO,Somente sabado,C16,3,Q1,Q1,Q2,Q1,PRODUTIVA,CABO,DAVID GOMES NEGRAO,HELBER EMILIANO ZAROS,Central,297054,De 100k a 299k,Mercados tradicionais,True,False,-22.8204,-47.2728,0.1833766998870833,0.4316383424230619,4.5G,102462.0,83351.0,17230.666666666668,False,135.0,14.0,12.0,2.0,11.0,1.0,3.0,17.083333333,10.0,0.9166666666666666,478.0,384.0,126.0,44.0,70.0,3.0,86.0,0.1833766998870833,MONITORAR ALTO VOLUME,0.0,0,
TTB1,ADESIENE,CAPIVARI,3510401,RUA,48.0,-,09:00 as 18:00,09:00 as 13:00,FECHADO,Somente sabado,C16,0,Q4,Q4,Q4,Q2,PRODUTIVA,CABO,WILLIAM DE OLIVEIRA BONFIM,HELBER EMILIANO ZAROS,Central,58124,De 50k a 99k,Mercados tradicionais,True,False,-22.9951,-47.5071,0.15746452806909314,0.7274853426456925,4.5G,13337.0,10073.0,3017.3333333333335,False,137.0,173.0,149.0,24.0,49.0,1.0,15.0,806.899328859,149.0,0.3288590604026846,306.0,289.0,17.0,9.0,40.0,5.0,8.0,0.15746452806909314,ROTINA,1095.0,1,RAFARD
WEZI,CELLULAR.COM,AMERICANA,3501608,RUA,28.0,-,09:00 as 18:00,09:00 as 13:00,FECHADO,Somente sabado,C16,0,Q3,Q3,Q3,Q3,PRODUTIVA,CABO,RODRIGO DE SOUZA ALBANO,HELBER EMILIANO ZAROS,Central,248901,De 100k a 299k,Mercados tradicionais,True,False,-22.7374,-47.3331,0.4173613560832513,0.5222108015105132,4.5G,171426.0,124660.0,44035.333333333336,False,132.0,308.0,298.0,10.0,249.0,4.0,18.0,597.916107382,9.0,0.8355704697986577,343.0,298.0,47.0,10.0,41.0,0.0,32.0,0.4173613560832513,VALIDAR PROCESSO DE SENHAS,0.0,0,
WNOQ,CELLULAR.COM,ITAPETININGA,3522307,SHOPPING,49.3,ITAPE SHOPPING,10:00 AS 22:00,10:00 AS 22:00,12:00 AS 20:00,Sabado e domingo,C16,0,Q4,Q4,Q4,Q4,IMPRODUTIVA,CABO,VALERIA DE SOUZA ZAMBUZI,EDUARDO ALVES DE QUEIROZ,Sudeste,170145,De 100k a 299k,Mercados em desenvolvimento,True,True,-23.5886,-48.0483,0.3139810131313383,0.2331672220693591,4.5G,65487.0,52204.0,12364.666666666666,False,105.325,15.0,15.0,0.0,11.0,0.0,4.0,689.333333333,17.0,0.7333333333333333,120.0,108.0,16.0,8.0,30.0,1.0,12.0,0.3139810131313383,ROTINA,642.0,3,"ANGATUBA, CAMPINA DO MONTE ALEGRE, SARAPUI"
X350,HS TELECOM,INDAIATUBA,3520509,SHOPPING,61.45,SHOPPING POLO,10:00 as 22:00,10:00 as 22:00,12:00 AS 20:00,Sabado e domingo,C16,2,Q2,Q2,Q1,Q1,PRODUTIVA,CABO,WILLIAM DE OLIVEIRA BONFIM,HELBER EMILIANO ZAROS,Central,269596,De 100k a 299k,Mercados tradicionais,True,True,-23.0816,-47.2101,0.2966951986848818,0.47746175895271276,4.5G,133507.0,95509.0,35583.0,False,148.3625,747.0,599.0,148.0,287.0,1.0,26.0,778.742904841,84.0,0.4791318864774624,628.0,561.0,67.0,72.0,96.0,2.0,50.0,0.2966951986848818,MONITORAR ALTO VOLUME,0.0,0,
L34L,CONVERGE.NET,TUPA,3555000,RUA,25.0,-,09:00 as 18:00,09:00 as 13:00,FECHADO,Somente sabado,C16,0,Não Cabo,Q4,Q4,Q4,ATENCAO,NAO CABO,VG GN VT,VIVIANE TANGARI LEMOS PONTES,Oeste,65641,De 50k a 99k,-,True,False,-21.9335,-50.5191,0.0017757945542300336,0.0861861657478618,4.5G,,,0.0,False,111.25,23.0,21.0,2.0,0.0,0.0,12.0,1156.38095238,837.0,0.0,40.0,36.0,4.0,3.0,16.0,2.0,0.0,0.0017757945542300336,ROTINA,0.0,0,
ZM6L,HS TELECOM,PINDAMONHANGABA,3538006,RUA,26.0,-,09:00 AS 18:00,08:00 as 13:00,FECHADO,Somente sabado,C16,4,Q1,Q1,Q1,Q1,PRODUTIVA,CABO,THIAGO BERNARDES VIEIRA,RAFAEL SILVEIRA DE CARVALHO,Sudeste,175275,De 100k a 299k,Mercados em desenvolvimento,True,False,-22.9246,-45.4613,0.4296746138851402,0.5418500906907201,4.5G,78851.0,55317.0,23041.0,False,131.5,616.0,241.0,375.0,134.0,1.0,11.0,461.485477178,30.0,0.5560165975103735,570.0,467.0,103.0,49.0,100.0,0.0,87.0,0.4296746138851402,MONITORAR ALTO VOLUME,0.0,0,
XPTO1524,FLEXCELL,BERTIOGA,3506359,SHOPPING,47.09,SUPMERCADO SEMAR,09:00 as 18:00,09:00 as 18:00,FECHADO,Somente sabado,C16,0,,,,,SEM AVALIACAO,CABO,PAULA AZEVEDO TIBURCIO,RAFAEL SILVEIRA DE CARVALHO,Vale/Litoral,69044,De 50k a 99k,Mercados tradicionais,True,False,-23.8486,-46.1396,0.23709256691655112,0.20174537987679672,4.5G,53322.0,42945.0,9700.666666666666,True,76.77250000000001,,,,,,,,,,,,,,,,,0.23709256691655112,COMPLETAR DADOS,0.0,0,
XPTO1547,CELLULAR.COM,CARAGUATATUBA,3510500,SHOPPING,33.45,SERRAMAR SHOPPING,10:00 as 22:00,10:00 as 22:00,15:00 as 21:00,Sabado e domingo,C24,0,,,,,SEM AVALIACAO,CABO,NATAN DOS SANTOS MOREIRA LIMA,RAFAEL SILVEIRA DE CARVALHO,Vale/Litoral,128757,De 100k a 299k,Mercados tradicionais,True,True,-23.6125,-45.4125,0.4858885572715946,0.3184448017274765,4.5G,93299.0,59659.0,32475.0,True,111.3625,,,,,,,,,,,,,,,,,0.4858885572715946,COMPLETAR DADOS,0.0,0,
XPTO1578,HS TELECOM,BARRINHA,3505609,RUA,30.37,,09:00 as 18:00,09:00 as 13:00,FECHADO,Somente sabado,C16,0,,,,,SEM AVALIACAO,CABO,RODRIGO PROSPERO FERREIRA DA SILVA,EDUARDO ALVES DE QUEIROZ,Oeste,34230,De 30k a 49k,Mercados em desenvolvimento,True,False,-21.1864,-48.1636,0.3386253097182711,0.7382546323968918,4.5G,13820.0,10066.0,3599.6666666666665,True,72.5925,,,,,,,,,,,,,,,,,0.3386253097182711,COMPLETAR DADOS,0.0,0,
