receptor_ibge,receptor_cidade,populacao,faixa_pop,territorio,lat,lon,lojas,lojas_rua,lojas_shopping,conceitos,produtividade_mix,grupos_mix,lojas_resumo,m2_medio,fim_semana_mix,share_claro,share_claro_pos,share_vivo_bl,share_vivo_pos,base_claro,base_desktop_cidade,senhas_emitidas,senhas_atendidas,senhas_canceladas,senhas_suspeitas,fluxo_atendimentos,fluxo_por_loja,taxa_suspeita,desktop_cidades_total,desktop_cidades_sem_aa,desktop_cidades_com_aa,base_desktop_total,base_desktop_sem_aa,base_desktop_com_aa,base_sem_aa_por_loja,base_total_por_loja,distancia_max_sem_aa_km,distancia_media_ponderada_sem_aa_km,maior_origem,maior_origem_base,nivel_pressao,anchor_pdv,anchor_grupo,anchor_conceito,anchor_m2,anchor_produtividade,anchor_fim_semana,acao_recomendada
3500303,AGUAI,37619,De 30k a 49k,Central,-22.0572,-46.9735,1,1,0,C16 (1),PRODUTIVA (1),FLEX CELL (1),4C7D - FLEX CELL,35.0,Somente sabado (1),0.002983,0.656049,0.030141,0.288112,0.0,849.0,410.0,407.0,3.0,291.0,,,0.714988,1,0,1,849.0,0.0,849.0,0.0,849.0,0.0,0.0,AGUAI,849.0,BAIXA,4C7D,FLEX CELL,C16,35.0,PRODUTIVA,Somente sabado,ANALISAR CAPACIDADE
3501608,AMERICANA,248901,De 100k a 299k,Central,-22.7374,-47.3331,4,3,1,C16 (4),"PRODUTIVA (3), IMPRODUTIVA (1)","CELLULAR.COM (2), FLEX CELL (1), DOM BARRETO (1)",D96E - FLEX CELL; J4D7 - DOM BARRETO; WEZI - CELLULAR.COM; FOXW - CELLULAR.COM,34.9,"Somente sabado (3), Sabado e domingo (1)",0.417361,0.522211,0.330276,0.319029,44035.33,19141.0,598.0,571.0,27.0,446.0,741.0,185.2,0.781086,1,0,1,19141.0,0.0,19141.0,0.0,4785.2,0.0,0.0,AMERICANA,19141.0,BAIXA,D96E,FLEX CELL,C16,40.0,PRODUTIVA,Somente sabado,ANALISAR CAPACIDADE
3501905,AMPARO,74017,De 50k a 99k,Sudeste,-22.7088,-46.772,1,1,0,C11 (1),PRODUTIVA (1),FLEX CELL (1),2VB3 - FLEX CELL,23.8,Somente sabado (1),0.252979,0.225669,0.14738,0.724751,6416.33,8580.0,71.0,65.0,6.0,1.0,,,0.015385,3,2,1,11454.0,2874.0,8580.0,2874.0,11454.0,12.7,12.4,SERRA NEGRA,2566.0,BAIXA,2VB3,FLEX CELL,C11,23.8,PRODUTIVA,Somente sabado,ANALISAR CAPACIDADE
3503208,ARARAQUARA,244769,De 100k a 299k,Oeste,-21.7845,-48.178,2,1,1,C16 (2),PRODUTIVA (2),HS TELECOM (2),PT0E - HS TELECOM; PG9B - HS TELECOM,63.3,"Somente sabado (1), Sabado e domingo (1)",0.273633,0.233848,0.320763,0.678073,29608.67,30344.0,2817.0,2374.0,443.0,2201.0,1158.0,579.0,0.927127,7,6,1,41438.0,11094.0,30344.0,5547.0,20719.0,35.5,15.8,AMERICO BRASILIENSE,6109.0,ALTA,PT0E,HS TELECOM,C16,90.6,PRODUTIVA,Somente sabado,ANALISAR CAPACIDADE
3503307,ARARAS,139103,De 100k a 299k,Central,-22.3572,-47.3842,1,1,0,C11 (1),PRODUTIVA (1),FLEX CELL (1),69IK - FLEX CELL,48.0,Somente sabado (1),0.211971,0.345358,0.156788,0.576462,11880.33,5391.0,1813.0,1782.0,31.0,292.0,,,0.163861,2,1,1,7129.0,1738.0,5391.0,1738.0,7129.0,21.8,21.8,CONCHAL,1738.0,BAIXA,69IK,FLEX CELL,C11,48.0,PRODUTIVA,Somente sabado,ANALISAR CAPACIDADE
3503802,ARTUR NOGUEIRA,58051,De 50k a 99k,Central,-22.5727,-47.1727,1,1,0,C11 (1),PRODUTIVA (1),HS TELECOM (1),1QS6 - HS TELECOM,50.0,Somente sabado (1),0.12596,0.443324,0.122449,0.506567,2104.0,1308.0,804.0,782.0,22.0,679.0,294.0,294.0,0.868286,2,1,1,2727.0,1419.0,1308.0,1419.0,2727.0,10.7,10.7,ENGENHEIRO COELHO,1419.0,BAIXA,1QS6,HS TELECOM,C11,50.0,PRODUTIVA,Somente sabado,ANALISAR CAPACIDADE
3504503,AVARE,92830,De 50k a 99k,Sudeste,-23.1067,-48.9251,1,1,0,C16 (1),PRODUTIVA (1),DOUGLAS (1),2DM4 - DOUGLAS,29.0,Somente sabado (1),0.074637,0.206648,0.163098,0.755668,2584.67,10701.0,325.0,318.0,7.0,134.0,9.0,9.0,0.421384,6,5,1,15702.0,5001.0,10701.0,5001.0,15702.0,38.9,32.3,PARANAPANEMA,1797.0,MEDIA,2DM4,DOUGLAS,C16,29.0,PRODUTIVA,Somente sabado,ANALISAR CAPACIDADE
3505203,BARIRI,36386,De 30k a 49k,Oeste,-22.073,-48.7438,1,1,0,C16 (1),PRODUTIVA (1),TESSAROLI (1),MRKD - TESSAROLI,25.0,Somente sabado (1),0.00072,0.377483,0.017924,0.401469,0.0,,4.0,4.0,0.0,4.0,,,1.0,1,1,0,49.0,49.0,0.0,49.0,49.0,12.0,12.0,ITAJU,49.0,BAIXA,MRKD,TESSAROLI,C16,25.0,PRODUTIVA,Somente sabado,ANALISAR CAPACIDADE
3505500,BARRETOS,124862,De 100k a 299k,Noroeste,-20.5531,-48.5698,2,1,1,C16 (2),PRODUTIVA (2),HS TELECOM (2),PT2E - HS TELECOM; DV7G - HS TELECOM,47.1,"Somente sabado (1), Sabado e domingo (1)",0.103095,0.446427,0.068874,0.233056,4370.0,29161.0,360.0,360.0,0.0,328.0,810.0,405.0,0.911111,3,2,1,31351.0,2190.0,29161.0,1095.0,15675.5,22.3,19.4,COLINA,1463.0,BAIXA,PT2E,HS TELECOM,C16,68.0,PRODUTIVA,Somente sabado,ANALISAR CAPACIDADE
3506003,BAURU,386193,Acima de 300k,Oeste,-22.3246,-49.0871,4,2,2,C16 (4),"PRODUTIVA (2), ATENCAO (2)",HS TELECOM (4),J1EW - HS TELECOM; 9ZPJ - HS TELECOM; 5EO2 - HS TELECOM; PG8S - HS TELECOM,82.2,"Sabado e domingo (2), Somente sabado (2)",0.261898,0.372211,0.211522,0.507401,45604.33,21727.0,841.0,792.0,49.0,348.0,1555.0,388.8,0.439394,4,3,1,27049.0,5322.0,21727.0,1330.5,6762.2,32.0,18.4,AGUDOS,4733.0,MEDIA,J1EW,HS TELECOM,C16,64.0,PRODUTIVA,Sabado e domingo,ANALISAR CAPACIDADE
3506102,BEBEDOURO,77650,De 50k a 99k,Noroeste,-20.9491,-48.4791,1,1,0,C16 (1),PRODUTIVA (1),HS TELECOM (1),PG8M - HS TELECOM,72.0,Somente sabado (1),0.140032,0.672755,0.083912,0.261776,3515.33,11417.0,1522.0,1489.0,33.0,864.0,453.0,453.0,0.580255,1,0,1,11417.0,0.0,11417.0,0.0,11417.0,0.0,0.0,BEBEDOURO,11417.0,BAIXA,PG8M,HS TELECOM,C16,72.0,PRODUTIVA,Somente sabado,ANALISAR CAPACIDADE
3507001,BOITUVA,65589,De 50k a 99k,Sudeste,-23.2855,-47.6786,1,1,0,C16 (1),PRODUTIVA (1),ADESIENE (1),YEZ1 - ADESIENE,34.0,Somente sabado (1),0.239901,0.381767,0.144624,0.568587,7123.0,10356.0,69.0,57.0,12.0,14.0,252.0,252.0,0.245614,2,1,1,14461.0,4105.0,10356.0,4105.0,14461.0,7.5,7.5,IPERO,4105.0,MEDIA,YEZ1,ADESIENE,C16,34.0,PRODUTIVA,Somente sabado,ANALISAR CAPACIDADE
3507506,BOTUCATU,152797,De 100k a 299k,Sudeste,-22.8837,-48.4437,2,1,1,C16 (2),PRODUTIVA (2),DOUGLAS (2),HWY1 - DOUGLAS; 6MA7 - DOUGLAS,34.2,"Sabado e domingo (1), Somente sabado (1)",0.207583,0.235112,0.229419,0.712471,13126.0,21188.0,602.0,450.0,152.0,292.0,5.0,2.5,0.648889,4,3,1,22430.0,1242.0,21188.0,621.0,11215.0,31.1,28.1,ITATINGA,673.0,MEDIA,HWY1,DOUGLAS,C16,28.4,PRODUTIVA,Sabado e domingo,ANALISAR CAPACIDADE
3508504,CACAPAVA,97142,De 50k a 99k,Vale/Litoral,-23.0992,-45.7076,1,1,0,C16 (1),PRODUTIVA (1),HS TELECOM (1),4UAR - HS TELECOM,28.0,Somente sabado (1),0.283644,0.367675,0.271195,0.573977,8056.33,4595.0,309.0,304.0,5.0,233.0,330.0,330.0,0.766447,1,0,1,4595.0,0.0,4595.0,0.0,4595.0,0.0,0.0,CACAPAVA,4595.0,BAIXA,4UAR,HS TELECOM,C16,28.0,PRODUTIVA,Somente sabado,ANALISAR CAPACIDADE
3509502,CAMPINAS,1241137,Acima de 300k,Central,-22.9053,-47.0659,6,1,5,"C16 (5), C11 (1)","PRODUTIVA (5), ATENCAO (1)","FLEX CELL (4), WCI CELULARES (1), CELLULAR.COM (1)",5Z2B - FLEX CELL; 3UNF - WCI CELULARES; ZIK2 - FLEX CELL; FA4O - FLEX CELL; 4CB1 - CELLULAR.COM; LVQB - FLEX CELL,38.3,"Sabado e domingo (5), Somente sabado (1)",0.389796,0.473831,0.363532,0.310839,184375.0,80818.0,1931.0,1891.0,40.0,1270.0,684.0,114.0,0.671602,1,0,1,80818.0,0.0,80818.0,0.0,13469.7,0.0,0.0,CAMPINAS,80818.0,BAIXA,5Z2B,FLEX CELL,C16,51.0,PRODUTIVA,Sabado e domingo,ANALISAR CAPACIDADE
3510401,CAPIVARI,58124,De 50k a 99k,Central,-22.9951,-47.5071,1,1,0,C16 (1),PRODUTIVA (1),ADESIENE (1),TTB1 - ADESIENE,48.0,Somente sabado (1),0.157465,0.727485,0.145898,0.244578,3017.33,4567.0,173.0,149.0,24.0,49.0,306.0,306.0,0.328859,2,1,1,5662.0,1095.0,4567.0,1095.0,5662.0,3.1,3.1,RAFARD,1095.0,BAIXA,TTB1,ADESIENE,C16,48.0,PRODUTIVA,Somente sabado,ANALISAR CAPACIDADE
3510807,CASA BRANCA,30898,De 30k a 49k,Sudeste,-21.7708,-47.0852,1,1,0,C11 (1),PRODUTIVA (1),CELLULAR.COM (1),D2EH - CELLULAR.COM,28.0,Somente sabado (1),0.17488,0.626419,0.041316,0.339273,1018.0,512.0,204.0,204.0,0.0,187.0,213.0,213.0,0.916667,3,2,1,1163.0,651.0,512.0,651.0,1163.0,20.6,18.5,SANTA CRUZ DAS PALMEIRAS,483.0,BAIXA,D2EH,CELLULAR.COM,C11,28.0,PRODUTIVA,Somente sabado,ANALISAR CAPACIDADE
3511102,CATANDUVA,124235,De 100k a 299k,Noroeste,-21.1314,-48.977,2,1,1,C16 (2),PRODUTIVA (2),HS TELECOM (2),QRTV - HS TELECOM; PT9T - HS TELECOM,75.0,"Sabado e domingo (1), Somente sabado (1)",0.163968,0.37546,0.213668,0.567217,7217.67,,922.0,792.0,130.0,529.0,851.0,425.5,0.667929,3,3,0,521.0,521.0,0.0,260.5,260.5,22.0,19.8,ITAJOBI,385.0,MEDIA,QRTV,HS TELECOM,C16,66.0,PRODUTIVA,Sabado e domingo,ANALISAR CAPACIDADE
3511508,CERQUILHO,52281,De 50k a 99k,Sudeste,-23.1665,-47.7459,1,1,0,C16 (1),PRODUTIVA (1),CELLULAR.COM (1),JD30 - CELLULAR.COM,50.0,Somente sabado (1),0.201764,0.281325,0.009895,0.694927,3386.0,9788.0,107.0,106.0,1.0,78.0,153.0,153.0,0.735849,3,2,1,12703.0,2915.0,9788.0,2915.0,12703.0,32.1,29.4,CONCHAS,1806.0,MEDIA,JD30,CELLULAR.COM,C16,50.0,PRODUTIVA,Somente sabado,ANALISAR CAPACIDADE
3512803,COSMOPOLIS,77021,De 50k a 99k,Central,-22.6419,-47.1926,1,1,0,C16 (1),PRODUTIVA (1),HS TELECOM (1),LAHU - HS TELECOM,40.0,Somente sabado (1),0.12264,0.415046,0.287449,0.439323,1978.0,2603.0,467.0,413.0,54.0,274.0,232.0,232.0,0.663438,1,0,1,2603.0,0.0,2603.0,0.0,2603.0,0.0,0.0,COSMOPOLIS,2603.0,BAIXA,LAHU,HS TELECOM,C16,40.0,PRODUTIVA,Somente sabado,ANALISAR CAPACIDADE
3513108,CRAVINHOS,36386,De 30k a 49k,Noroeste,-21.338,-47.7324,1,1,0,C16 (1),PRODUTIVA (1),CELLULAR.COM (1),QDXW - CELLULAR.COM,51.0,Somente sabado (1),0.227824,0.753007,0.014119,0.198342,2773.0,940.0,1464.0,1322.0,142.0,452.0,355.0,355.0,0.341906,1,0,1,940.0,0.0,940.0,0.0,940.0,0.0,0.0,CRAVINHOS,940.0,BAIXA,QDXW,CELLULAR.COM,C16,51.0,PRODUTIVA,Somente sabado,ANALISAR CAPACIDADE
3513504,CUBATAO,134198,De 100k a 299k,Vale/Litoral,-23.8911,-46.424,1,1,0,C16 (1),PRODUTIVA (1),FLEX CELL (1),QOUD - FLEX CELL,46.0,Somente sabado (1),0.183218,0.461424,0.139901,0.396846,5763.67,2423.0,335.0,327.0,8.0,319.0,,,0.975535,1,0,1,2423.0,0.0,2423.0,0.0,2423.0,0.0,0.0,CUBATAO,2423.0,BAIXA,QOUD,FLEX CELL,C16,46.0,PRODUTIVA,Somente sabado,ANALISAR CAPACIDADE
3513702,DESCALVADO,34440,De 30k a 49k,Sudeste,-21.9002,-47.6181,1,1,0,C16 (1),PRODUTIVA (1),BONELI BIAZI (1),PE7O - BONELI BIAZI,58.0,Somente sabado (1),0.138358,0.541861,0.195216,0.438681,1084.67,1760.0,67.0,67.0,0.0,20.0,249.0,249.0,0.298507,1,0,1,1760.0,0.0,1760.0,0.0,1760.0,0.0,0.0,DESCALVADO,1760.0,BAIXA,PE7O,BONELI BIAZI,C16,58.0,PRODUTIVA,Somente sabado,ANALISAR CAPACIDADE
3516200,FRANCA,363521,Acima de 300k,Oeste,-20.5352,-47.4039,4,3,1,"C16 (3), C11 (1)","PRODUTIVA (3), ATENCAO (1)","HS TELECOM (2), CELLULAR.COM (2)",PG8R - HS TELECOM; JDRJ - CELLULAR.COM; C2IC - HS TELECOM; BABI - CELLULAR.COM,65.8,"Somente sabado (3), Sabado e domingo (1)",0.26891,0.673391,0.092143,0.116689,37156.33,2858.0,854.0,729.0,125.0,468.0,1326.0,331.5,0.641975,5,4,1,6417.0,3559.0,2858.0,889.8,1604.2,22.6,17.5,CRISTAIS PAULISTA,1557.0,MEDIA,PG8R,HS TELECOM,C16,94.0,PRODUTIVA,Somente sabado,ANALISAR CAPACIDADE
3516705,GARCA,44426,De 30k a 49k,Noroeste,-22.2125,-49.6546,1,1,0,C16 (1),PRODUTIVA (1),CONVERGE.NET (1),X0GI - CONVERGE.NET,32.0,Somente sabado (1),0.150133,0.296822,0.123919,0.54882,2081.67,,8.0,8.0,0.0,6.0,177.0,177.0,0.75,2,2,0,141.0,141.0,0.0,141.0,141.0,31.0,30.1,PIRAJUI,117.0,MEDIA,X0GI,CONVERGE.NET,C16,32.0,PRODUTIVA,Somente sabado,ANALISAR CAPACIDADE
3517406,GUAIRA,41732,De 30k a 49k,Noroeste,-20.3196,-48.312,1,1,0,C16 (1),PRODUTIVA (1),JARBAS (1),XE1A - JARBAS,32.0,Somente sabado (1),0.249676,0.57618,0.002115,0.072886,3305.67,5763.0,177.0,164.0,13.0,5.0,8.0,8.0,0.030488,1,0,1,5763.0,0.0,5763.0,0.0,5763.0,0.0,0.0,GUAIRA,5763.0,BAIXA,XE1A,JARBAS,C16,32.0,PRODUTIVA,Somente sabado,ANALISAR CAPACIDADE
3518701,GUARUJA,329155,Acima de 300k,Vale/Litoral,-23.9888,-46.258,1,0,1,C16 (1),PRODUTIVA (1),FLEX CELL (1),H0BH - FLEX CELL,40.0,Somente sabado (1),0.308034,0.43936,0.273765,0.435495,40636.33,17385.0,746.0,733.0,13.0,392.0,,,0.534789,1,0,1,17385.0,0.0,17385.0,0.0,17385.0,0.0,0.0,GUARUJA,17385.0,BAIXA,H0BH,FLEX CELL,C16,40.0,PRODUTIVA,Somente sabado,ANALISAR CAPACIDADE
3519071,HORTOLANDIA,244095,De 100k a 299k,Central,-22.8529,-47.2143,2,1,1,C24 (2),PRODUTIVA (2),"HS TELECOM (1), DOM BARRETO (1)",TU4B - HS TELECOM; A4RA - DOM BARRETO,37.5,"Sabado e domingo (1), Somente sabado (1)",0.130548,0.429943,0.313797,0.325037,11894.67,36006.0,399.0,343.0,56.0,272.0,717.0,358.5,0.793003,1,0,1,36006.0,0.0,36006.0,0.0,18003.0,0.0,0.0,HORTOLANDIA,36006.0,BAIXA,TU4B,HS TELECOM,C24,51.0,PRODUTIVA,Sabado e domingo,ANALISAR CAPACIDADE
3519600,IBITINGA,62204,De 50k a 99k,Oeste,-21.7562,-48.8319,1,1,0,C11 (1),IMPRODUTIVA (1),TAMIRIS (1),HFQJ - TAMIRIS,66.0,Somente sabado (1),0.000861,0.193732,0.012527,0.660088,0.0,8150.0,40.0,39.0,1.0,1.0,,,0.025641,5,4,1,15582.0,7432.0,8150.0,7432.0,15582.0,29.2,21.6,NOVA EUROPA,3278.0,MEDIA,HFQJ,TAMIRIS,C11,66.0,IMPRODUTIVA,Somente sabado,ANALISAR CAPACIDADE
3520509,INDAIATUBA,269596,De 100k a 299k,Central,-23.0816,-47.2101,3,1,2,"C16 (2), C11 (1)","PRODUTIVA (2), IMPRODUTIVA (1)","HS TELECOM (2), FLEX CELL (1)",X350 - HS TELECOM; 3A1I - FLEX CELL; PS1E - HS TELECOM,49.8,"Sabado e domingo (2), Somente sabado (1)",0.296695,0.477462,0.417469,0.412234,35583.0,13991.0,1368.0,1140.0,228.0,616.0,882.0,294.0,0.540351,1,0,1,13991.0,0.0,13991.0,0.0,4663.7,0.0,0.0,INDAIATUBA,13991.0,BAIXA,X350,HS TELECOM,C16,61.5,PRODUTIVA,Sabado e domingo,ANALISAR CAPACIDADE
3522109,ITANHAEM,106789,De 100k a 299k,Vale/Litoral,-24.1736,-46.788,1,1,0,C16 (1),PRODUTIVA (1),DIEGO (1),3Q90 - DIEGO,51.0,Somente sabado (1),0.214412,0.288493,0.046119,0.593742,14049.33,6654.0,519.0,510.0,9.0,287.0,393.0,393.0,0.562745,1,0,1,6654.0,0.0,6654.0,0.0,6654.0,0.0,0.0,ITANHAEM,6654.0,BAIXA,3Q90,DIEGO,C16,51.0,PRODUTIVA,Somente sabado,ANALISAR CAPACIDADE
3522307,ITAPETININGA,170145,De 100k a 299k,Sudeste,-23.5886,-48.0483,2,1,1,C16 (2),"PRODUTIVA (1), IMPRODUTIVA (1)",CELLULAR.COM (2),2AK7 - CELLULAR.COM; WNOQ - CELLULAR.COM,37.6,"Somente sabado (1), Sabado e domingo (1)",0.313981,0.233167,0.385045,0.702386,12364.67,4299.0,151.0,146.0,5.0,66.0,535.0,267.5,0.452055,4,3,1,5583.0,1284.0,4299.0,642.0,2791.5,43.6,35.0,ANGATUBA,711.0,MEDIA,2AK7,CELLULAR.COM,C16,26.0,PRODUTIVA,Somente sabado,ANALISAR CAPACIDADE
3522604,ITAPIRA,76515,De 50k a 99k,Sudeste,-22.4357,-46.8224,1,1,0,C16 (1),IMPRODUTIVA (1),FLEX CELL (1),EJFC - FLEX CELL,65.0,Somente sabado (1),0.131736,0.43266,0.174964,0.462124,2900.33,,24.0,22.0,2.0,3.0,,,0.136364,1,1,0,200.0,200.0,0.0,200.0,200.0,20.2,20.2,LINDOIA,200.0,BAIXA,EJFC,FLEX CELL,C16,65.0,IMPRODUTIVA,Somente sabado,ANALISAR CAPACIDADE
3524303,JABOTICABAL,78713,De 50k a 99k,Noroeste,-21.252,-48.3252,1,1,0,C16 (1),PRODUTIVA (1),CELLULAR.COM (1),5SNA - CELLULAR.COM,52.0,Somente sabado (1),0.094271,0.254478,0.226515,0.686545,2101.67,3854.0,1.0,0.0,1.0,0.0,192.0,192.0,,2,1,1,6267.0,2413.0,3854.0,2413.0,6267.0,15.4,15.4,GUARIBA,2413.0,BAIXA,5SNA,CELLULAR.COM,C16,52.0,PRODUTIVA,Somente sabado,ANALISAR CAPACIDADE
3524402,JACAREI,240327,De 100k a 299k,Vale/Litoral,-23.2983,-45.9658,1,0,1,C16 (1),PRODUTIVA (1),HS TELECOM (1),QCTV - HS TELECOM,57.0,Sabado e domingo (1),0.194033,0.333104,0.416254,0.478058,15785.33,3339.0,1891.0,1782.0,109.0,1131.0,619.0,619.0,0.63468,2,1,1,5629.0,2290.0,3339.0,2290.0,5629.0,13.2,13.2,SANTA BRANCA,2290.0,BAIXA,QCTV,HS TELECOM,C16,57.0,PRODUTIVA,Sabado e domingo,ANALISAR CAPACIDADE
3524709,JAGUARIUNA,62330,De 50k a 99k,Central,-22.7037,-46.9851,1,1,0,C16 (1),PRODUTIVA (1),HS TELECOM (1),DFLW - HS TELECOM,40.0,Somente sabado (1),0.236062,0.448972,0.238731,0.440644,5352.67,11321.0,852.0,844.0,8.0,672.0,286.0,286.0,0.796209,4,3,1,23327.0,12006.0,11321.0,12006.0,23327.0,13.1,11.2,PEDREIRA,6948.0,ALTA,DFLW,HS TELECOM,C16,40.0,PRODUTIVA,Somente sabado,ANALISAR CAPACIDADE
3525300,JAU,156523,De 100k a 299k,Oeste,-22.2936,-48.5592,2,1,1,C16 (2),PRODUTIVA (2),HS TELECOM (2),PG8B - HS TELECOM; PG8I - HS TELECOM,53.5,"Sabado e domingo (1), Somente sabado (1)",0.252894,0.330071,0.266729,0.56591,14903.0,14097.0,311.0,296.0,15.0,180.0,803.0,401.5,0.608108,9,8,1,51160.0,37063.0,14097.0,18531.5,25580.0,32.6,22.2,PEDERNEIRAS,10616.0,ALTA,PG8B,HS TELECOM,C16,53.0,PRODUTIVA,Sabado e domingo,ANALISAR CAPACIDADE
3526704,LEME,107047,De 100k a 299k,Sudeste,-22.1809,-47.3841,1,1,0,C16 (1),PRODUTIVA (1),CELLULAR.COM (1),H83T - CELLULAR.COM,40.0,Somente sabado (1),0.052648,0.34724,0.117543,0.575409,2045.67,6522.0,286.0,282.0,4.0,228.0,319.0,319.0,0.808511,1,0,1,6522.0,0.0,6522.0,0.0,6522.0,0.0,0.0,LEME,6522.0,BAIXA,H83T,CELLULAR.COM,C16,40.0,PRODUTIVA,Somente sabado,ANALISAR CAPACIDADE
3526803,LENCOIS PAULISTA,70563,De 50k a 99k,Sudeste,-22.6027,-48.8037,1,1,0,C16 (1),PRODUTIVA (1),HS TELECOM (1),CJIB - HS TELECOM,73.7,Somente sabado (1),0.089885,0.132295,0.22613,0.812658,1899.33,15393.0,63.0,43.0,20.0,6.0,255.0,255.0,0.139535,3,2,1,21088.0,5695.0,15393.0,5695.0,21088.0,17.5,15.3,MACATUBA,4821.0,MEDIA,CJIB,HS TELECOM,C16,73.7,PRODUTIVA,Somente sabado,ANALISAR CAPACIDADE
3526902,LIMEIRA,315129,Acima de 300k,Central,-22.566,-47.397,3,1,2,C16 (3),"PRODUTIVA (2), ATENCAO (1)","FLEX CELL (2), CELLULAR.COM (1)",7UD6 - FLEX CELL; 654I - FLEX CELL; 3DGA - CELLULAR.COM,51.7,"Sabado e domingo (2), Somente sabado (1)",0.195989,0.339939,0.216493,0.392837,19150.67,13673.0,1485.0,1405.0,80.0,792.0,253.0,84.3,0.563701,3,2,1,20012.0,6339.0,13673.0,2113.0,6670.7,13.1,12.3,IRACEMAPOLIS,3443.0,BAIXA,7UD6,FLEX CELL,C16,54.0,PRODUTIVA,Sabado e domingo,ANALISAR CAPACIDADE
3527108,LINS,79860,De 50k a 99k,Noroeste,-21.6718,-49.7526,1,1,0,C16 (1),PRODUTIVA (1),HS TELECOM (1),PT4E - HS TELECOM,57.0,Somente sabado (1),0.047754,0.223731,0.151082,0.678521,1176.0,4081.0,,,,,376.0,376.0,,3,2,1,4253.0,172.0,4081.0,172.0,4253.0,29.8,22.7,CAFELANDIA,135.0,BAIXA,PT4E,HS TELECOM,C16,57.0,PRODUTIVA,Somente sabado,ANALISAR CAPACIDADE
3529302,MATAO,84879,De 50k a 99k,Noroeste,-21.6025,-48.364,1,1,0,C16 (1),PRODUTIVA (1),CELLULAR.COM (1),PD9V - CELLULAR.COM,47.0,Somente sabado (1),0.039881,0.25173,0.196981,0.690824,999.33,3413.0,,,,,345.0,345.0,,5,4,1,6479.0,3066.0,3413.0,3066.0,6479.0,29.4,23.4,GAVIAO PEIXOTO,1599.0,MEDIA,PD9V,CELLULAR.COM,C16,47.0,PRODUTIVA,Somente sabado,ANALISAR CAPACIDADE
3530300,MIRASSOL,61648,De 50k a 99k,Oeste,-20.8169,-49.5206,1,1,0,C16 (1),PRODUTIVA (1),HS TELECOM (1),PZ8S - HS TELECOM,36.0,Somente sabado (1),0.264995,0.468069,0.068594,0.423727,6582.33,2241.0,33.0,33.0,0.0,15.0,265.0,265.0,0.454545,1,0,1,2241.0,0.0,2241.0,0.0,2241.0,0.0,0.0,MIRASSOL,2241.0,BAIXA,PZ8S,HS TELECOM,C16,36.0,PRODUTIVA,Somente sabado,ANALISAR CAPACIDADE
3530706,MOGI GUACU,156243,De 100k a 299k,Central,-22.3675,-46.9428,2,0,2,C16 (2),"PRODUTIVA (1), ATENCAO (1)",FLEX CELL (2),6WG8 - FLEX CELL; QLEQ - FLEX CELL,49.0,Sabado e domingo (2),0.286198,0.326243,0.289563,0.622277,15064.67,4654.0,30.0,29.0,1.0,1.0,,,0.034483,3,2,1,10316.0,5662.0,4654.0,2831.0,5158.0,10.7,7.8,MOGI MIRIM,4927.0,BAIXA,6WG8,FLEX CELL,C16,38.0,PRODUTIVA,Sabado e domingo,ANALISAR CAPACIDADE
3531100,MONGAGUA,60391,De 50k a 99k,Vale/Litoral,-24.0809,-46.6265,1,1,0,C16 (1),PRODUTIVA (1),DIEGO (1),NK1R - DIEGO,50.0,Somente sabado (1),0.402803,0.447262,0.00649,0.406464,15893.67,4786.0,467.0,445.0,22.0,82.0,325.0,325.0,0.18427,1,0,1,4786.0,0.0,4786.0,0.0,4786.0,0.0,0.0,MONGAGUA,4786.0,BAIXA,NK1R,DIEGO,C16,50.0,PRODUTIVA,Somente sabado,ANALISAR CAPACIDADE
3531308,MONTE ALTO,51527,De 50k a 99k,Noroeste,-21.2655,-48.4971,1,1,0,C16 (1),PRODUTIVA (1),HS TELECOM (1),6WBY - HS TELECOM,40.0,Somente sabado (1),0.08209,0.348589,0.021559,0.598613,608.67,115.0,86.0,84.0,2.0,72.0,238.0,238.0,0.857143,4,3,1,383.0,268.0,115.0,268.0,383.0,19.7,15.8,TAQUARITINGA,242.0,MEDIA,6WBY,HS TELECOM,C16,40.0,PRODUTIVA,Somente sabado,ANALISAR CAPACIDADE
3531803,MONTE MOR,63597,De 50k a 99k,Central,-22.945,-47.3122,1,1,0,C24 (1),PRODUTIVA (1),ADESIENE (1),02RI - ADESIENE,39.0,Somente sabado (1),0.111251,0.581235,0.013097,0.245026,2305.33,4221.0,213.0,187.0,26.0,81.0,229.0,229.0,0.433155,2,1,1,4599.0,378.0,4221.0,378.0,4599.0,12.3,12.3,ELIAS FAUSTO,378.0,BAIXA,02RI,ADESIENE,C24,39.0,PRODUTIVA,Somente sabado,ANALISAR CAPACIDADE
3533403,NOVA ODESSA,63202,De 50k a 99k,Central,-22.7832,-47.2941,1,1,0,C16 (1),PRODUTIVA (1),DOM BARRETO (1),3UW7 - DOM BARRETO,28.0,Somente sabado (1),0.110205,0.537715,0.241052,0.27196,2647.33,14531.0,56.0,56.0,0.0,54.0,235.0,235.0,0.964286,1,0,1,14531.0,0.0,14531.0,0.0,14531.0,0.0,0.0,NOVA ODESSA,14531.0,BAIXA,3UW7,DOM BARRETO,C16,28.0,PRODUTIVA,Somente sabado,ANALISAR CAPACIDADE
3533908,OLIMPIA,56122,De 50k a 99k,Noroeste,-20.7366,-48.9106,1,1,0,C16 (1),PRODUTIVA (1),HS TELECOM (1),WD3T - HS TELECOM,25.0,Somente sabado (1),0.14939,0.253249,0.240549,0.606735,1813.33,672.0,472.0,411.0,61.0,288.0,262.0,262.0,0.70073,1,0,1,672.0,0.0,672.0,0.0,672.0,0.0,0.0,OLIMPIA,672.0,BAIXA,WD3T,HS TELECOM,C16,25.0,PRODUTIVA,Somente sabado,ANALISAR CAPACIDADE
3536505,PAULINIA,119572,De 100k a 299k,Central,-22.7542,-47.1488,1,1,0,C16 (1),PRODUTIVA (1),WCI CELULARES (1),DFA5 - WCI CELULARES,64.4,Somente sabado (1),0.235011,0.397241,0.364138,0.416054,11130.0,15827.0,37.0,34.0,3.0,5.0,287.0,287.0,0.147059,1,0,1,15827.0,0.0,15827.0,0.0,15827.0,0.0,0.0,PAULINIA,15827.0,BAIXA,DFA5,WCI CELULARES,C16,64.4,PRODUTIVA,Somente sabado,ANALISAR CAPACIDADE
3537602,PERUIBE,71042,De 50k a 99k,Vale/Litoral,-24.312,-47.0012,1,1,0,C16 (1),PRODUTIVA (1),DIEGO (1),08GH - DIEGO,35.0,Somente sabado (1),0.377442,0.308774,0.092041,0.635362,12882.33,4666.0,678.0,649.0,29.0,384.0,325.0,325.0,0.59168,1,0,1,4666.0,0.0,4666.0,0.0,4666.0,0.0,0.0,PERUIBE,4666.0,BAIXA,08GH,DIEGO,C16,35.0,PRODUTIVA,Somente sabado,ANALISAR CAPACIDADE
3537800,PIEDADE,56057,De 50k a 99k,Sudeste,-23.7139,-47.4256,1,1,0,C16 (1),PRODUTIVA (1),CELLULAR.COM (1),G7KJ - CELLULAR.COM,50.0,Somente sabado (1),0.158315,0.14627,0.020075,0.825002,2823.33,,77.0,66.0,11.0,29.0,132.0,132.0,0.439394,2,2,0,842.0,842.0,0.0,842.0,842.0,31.9,20.4,SALTO DE PIRAPORA,644.0,MEDIA,G7KJ,CELLULAR.COM,C16,50.0,PRODUTIVA,Somente sabado,ANALISAR CAPACIDADE
3538709,PIRACICABA,415983,Acima de 300k,Central,-22.7338,-47.6476,3,2,1,"C16 (2), C11 (1)",PRODUTIVA (3),"FLEX CELL (2), ADESIENE (1)",NM0R - FLEX CELL; LCK9 - ADESIENE; K4HP - FLEX CELL,61.8,"Somente sabado (2), Sabado e domingo (1)",0.317953,0.331537,0.310828,0.483662,58404.33,32061.0,2315.0,2185.0,130.0,797.0,336.0,112.0,0.36476,3,2,1,35364.0,3303.0,32061.0,1101.0,11788.0,12.8,12.7,SALTINHO,1683.0,BAIXA,NM0R,FLEX CELL,C16,48.4,PRODUTIVA,Sabado e domingo,ANALISAR CAPACIDADE
3539301,PIRASSUNUNGA,78168,De 50k a 99k,Sudeste,-21.996,-47.4257,1,1,0,C11 (1),PRODUTIVA (1),CELLULAR.COM (1),0ZXL - CELLULAR.COM,47.8,Somente sabado (1),0.136927,0.279122,0.163096,0.618788,3738.67,2767.0,370.0,370.0,0.0,352.0,294.0,294.0,0.951351,1,0,1,2767.0,0.0,2767.0,0.0,2767.0,0.0,0.0,PIRASSUNUNGA,2767.0,BAIXA,0ZXL,CELLULAR.COM,C11,47.8,PRODUTIVA,Somente sabado,ANALISAR CAPACIDADE
3539509,PITANGUEIRAS,41099,De 30k a 49k,Oeste,-21.0132,-48.221,1,1,0,C11 (1),PRODUTIVA (1),CELLULAR.COM (1),1AP6 - CELLULAR.COM,51.0,Somente sabado (1),0.001665,0.627885,0.023073,0.235464,0.0,4685.0,38.0,37.0,1.0,31.0,163.0,163.0,0.837838,1,0,1,4685.0,0.0,4685.0,0.0,4685.0,0.0,0.0,PITANGUEIRAS,4685.0,BAIXA,1AP6,CELLULAR.COM,C11,51.0,PRODUTIVA,Somente sabado,ANALISAR CAPACIDADE
3540705,PORTO FERREIRA,57487,De 50k a 99k,Sudeste,-21.8498,-47.487,1,1,0,C16 (1),PRODUTIVA (1),BONELI BIAZI (1),NT7E - BONELI BIAZI,51.0,Somente sabado (1),0.102376,0.456625,0.015127,0.502619,1738.0,1346.0,64.0,64.0,0.0,55.0,335.0,335.0,0.859375,1,0,1,1346.0,0.0,1346.0,0.0,1346.0,0.0,0.0,PORTO FERREIRA,1346.0,BAIXA,NT7E,BONELI BIAZI,C16,51.0,PRODUTIVA,Somente sabado,ANALISAR CAPACIDADE
3541000,PRAIA GRANDE,347620,Acima de 300k,Vale/Litoral,-24.0084,-46.4121,2,1,1,C16 (2),PRODUTIVA (2),"FLEX CELL (1), DIEGO (1)",84Q9 - FLEX CELL; 2LOC - DIEGO,40.0,"Sabado e domingo (1), Somente sabado (1)",0.320846,0.384257,0.399294,0.508796,65028.0,39029.0,1013.0,982.0,31.0,412.0,496.0,248.0,0.419552,1,0,1,39029.0,0.0,39029.0,0.0,19514.5,0.0,0.0,PRAIA GRANDE,39029.0,BAIXA,84Q9,FLEX CELL,C16,42.0,PRODUTIVA,Sabado e domingo,ANALISAR CAPACIDADE
3543402,RIBEIRAO PRETO,736271,Acima de 300k,Oeste,-21.1699,-47.8099,6,4,2,C16 (6),"PRODUTIVA (5), IMPRODUTIVA (1)","HS TELECOM (3), CELLULAR.COM (3)",JTX8 - HS TELECOM; PT9F - HS TELECOM; ME4X - CELLULAR.COM; PT1E - HS TELECOM; 7GMI - CELLULAR.COM; 971O - CELLULAR.COM,60.9,"Somente sabado (4), Sabado e domingo (2)",0.315829,0.485099,0.278794,0.326696,97484.0,7244.0,3088.0,2533.0,555.0,651.0,3030.0,505.0,0.257008,1,0,1,7244.0,0.0,7244.0,0.0,1207.3,0.0,0.0,RIBEIRAO PRETO,7244.0,BAIXA,JTX8,HS TELECOM,C16,86.2,PRODUTIVA,Sabado e domingo,ANALISAR CAPACIDADE
3543907,RIO CLARO,212456,De 100k a 299k,Central,-22.3984,-47.5546,2,1,1,"C16 (1), C11 (1)",PRODUTIVA (2),"FLEX CELL (1), CELLULAR.COM (1)",FG8V - FLEX CELL; FH75 - CELLULAR.COM,42.8,"Sabado e domingo (1), Somente sabado (1)",0.343194,0.268688,0.252412,0.641085,24366.33,8503.0,387.0,346.0,41.0,133.0,234.0,117.0,0.384393,2,1,1,11260.0,2757.0,8503.0,1378.5,5630.0,7.1,7.1,SANTA GERTRUDES,2757.0,BAIXA,FG8V,FLEX CELL,C16,37.6,PRODUTIVA,Sabado e domingo,ANALISAR CAPACIDADE
3545803,SANTA BARBARA D OESTE,196874,De 100k a 299k,Central,-22.7553,-47.4143,2,1,1,C16 (2),PRODUTIVA (2),FLEX CELL (2),65PG - FLEX CELL; QW32 - FLEX CELL,37.5,"Sabado e domingo (1), Somente sabado (1)",0.347946,0.514084,0.263189,0.304741,24911.33,18875.0,386.0,293.0,93.0,78.0,,,0.266212,1,0,1,18875.0,0.0,18875.0,0.0,9437.5,0.0,0.0,SANTA BARBARA D OESTE,18875.0,BAIXA,65PG,FLEX CELL,C16,30.0,PRODUTIVA,Sabado e domingo,ANALISAR CAPACIDADE
3546405,SANTA CRUZ DO RIO PARDO,48692,De 30k a 49k,Noroeste,-22.8988,-49.6354,1,1,0,C16 (1),IMPRODUTIVA (1),CONVERGE.NET (1),IYNZ - CONVERGE.NET,33.0,Somente sabado (1),0.050592,0.077553,0.138696,0.890593,828.67,,3.0,1.0,2.0,0.0,84.0,84.0,0.0,3,3,0,1222.0,1222.0,0.0,1222.0,1222.0,40.3,34.9,MANDURI,657.0,MEDIA,IYNZ,CONVERGE.NET,C16,33.0,IMPRODUTIVA,Somente sabado,ANALISAR CAPACIDADE
3547502,SANTA RITA DO PASSA QUATRO,27696,Até 29K,Central,-21.7083,-47.478,1,1,0,C16 (1),PRODUTIVA (1),BONELI BIAZI (1),282U - BONELI BIAZI,51.0,Somente sabado (1),0.00312,0.519776,0.035607,0.389863,0.0,468.0,111.0,111.0,0.0,106.0,208.0,208.0,0.954955,1,0,1,468.0,0.0,468.0,0.0,468.0,0.0,0.0,SANTA RITA DO PASSA QUATRO,468.0,BAIXA,282U,BONELI BIAZI,C16,51.0,PRODUTIVA,Somente sabado,ANALISAR CAPACIDADE
3547601,SANTA ROSA DE VITERBO,27352,Até 29K,Noroeste,-21.4776,-47.3622,1,1,0,C16 (1),PRODUTIVA (1),CELLULAR.COM (1),QH1N - CELLULAR.COM,51.0,Somente sabado (1),0.190169,0.902291,0.020295,0.062411,1168.33,120.0,1.0,0.0,1.0,0.0,263.0,263.0,,1,0,1,120.0,0.0,120.0,0.0,120.0,0.0,0.0,SANTA ROSA DE VITERBO,120.0,BAIXA,QH1N,CELLULAR.COM,C16,51.0,PRODUTIVA,Somente sabado,ANALISAR CAPACIDADE
3548500,SANTOS,434237,Acima de 300k,Vale/Litoral,-23.9535,-46.335,2,2,0,C16 (2),PRODUTIVA (2),FLEX CELL (2),Q6ED - FLEX CELL; 60AJ - FLEX CELL,60.0,Somente sabado (2),0.540405,0.481621,0.345052,0.395836,111220.67,5562.0,1933.0,1893.0,40.0,233.0,,,0.123085,1,0,1,5562.0,0.0,5562.0,0.0,2781.0,0.0,0.0,SANTOS,5562.0,BAIXA,Q6ED,FLEX CELL,C16,60.0,PRODUTIVA,Somente sabado,ANALISAR CAPACIDADE
3548906,SAO CARLOS,261591,De 100k a 299k,Oeste,-22.0174,-47.886,2,2,0,C16 (2),"PRODUTIVA (1), IMPRODUTIVA (1)",CELLULAR.COM (2),PD8V - CELLULAR.COM; 3OWM - CELLULAR.COM,59.0,Somente sabado (2),0.405239,0.464314,0.31171,0.457695,46937.33,26939.0,66.0,63.0,3.0,20.0,804.0,402.0,0.31746,3,2,1,34575.0,7636.0,26939.0,3818.0,17287.5,31.0,17.2,IBATE,5657.0,MEDIA,PD8V,CELLULAR.COM,C16,60.0,PRODUTIVA,Somente sabado,ANALISAR CAPACIDADE
3549805,SAO JOSE DO RIO PRETO,477202,Acima de 300k,Oeste,-20.8113,-49.3758,2,1,1,C16 (2),PRODUTIVA (2),HS TELECOM (2),PG8N - HS TELECOM; PG8K - HS TELECOM,44.0,"Sabado e domingo (1), Somente sabado (1)",0.294902,0.4521,0.36253,0.410645,58008.67,22704.0,865.0,825.0,40.0,717.0,1226.0,613.0,0.869091,5,4,1,24156.0,1452.0,22704.0,726.0,12078.0,26.3,15.2,BADY BASSITT,825.0,MEDIA,PG8N,HS TELECOM,C16,48.0,PRODUTIVA,Sabado e domingo,ANALISAR CAPACIDADE
3549904,SAO JOSE DOS CAMPOS,751961,Acima de 300k,Vale/Litoral,-23.1896,-45.8841,5,0,5,C16 (5),PRODUTIVA (5),"CELLULAR.COM (3), HS TELECOM (2)",ERH6 - HS TELECOM; OZX2 - HS TELECOM; 8KGP - CELLULAR.COM; ES3M - CELLULAR.COM; D58Q - CELLULAR.COM,55.5,"Sabado e domingo (4), Somente sabado (1)",0.315131,0.298023,0.458703,0.503509,87344.67,24860.0,1947.0,1869.0,78.0,1284.0,2153.0,430.6,0.686998,1,0,1,24860.0,0.0,24860.0,0.0,4972.0,0.0,0.0,SAO JOSE DOS CAMPOS,24860.0,BAIXA,ERH6,HS TELECOM,C16,110.0,PRODUTIVA,Sabado e domingo,ANALISAR CAPACIDADE
3550100,SAO MANUEL,41578,De 30k a 49k,Oeste,-22.7321,-48.5723,1,1,0,C16 (1),PRODUTIVA (1),DOUGLAS (1),81DQ - DOUGLAS,50.0,Somente sabado (1),0.00185,0.549898,0.013226,0.415965,0.0,6215.0,31.0,30.0,1.0,21.0,2.0,2.0,0.7,3,2,1,7473.0,1258.0,6215.0,1258.0,7473.0,12.8,12.3,AREIOPOLIS,1002.0,BAIXA,81DQ,DOUGLAS,C16,50.0,PRODUTIVA,Somente sabado,ANALISAR CAPACIDADE
3551009,SAO VICENTE,375492,Acima de 300k,Vale/Litoral,-23.9574,-46.3883,2,0,2,C16 (2),PRODUTIVA (2),FLEX CELL (2),K19U - FLEX CELL; BIVZ - FLEX CELL,52.0,"Sabado e domingo (1), Somente sabado (1)",0.270699,0.466093,0.270372,0.413172,32474.33,27063.0,2151.0,2138.0,13.0,1789.0,,,0.836763,1,0,1,27063.0,0.0,27063.0,0.0,13531.5,0.0,0.0,SAO VICENTE,27063.0,BAIXA,K19U,FLEX CELL,C16,52.0,PRODUTIVA,Sabado e domingo,ANALISAR CAPACIDADE
3551504,SERRANA,47182,De 30k a 49k,Noroeste,-21.2043,-47.5952,1,1,0,C16 (1),PRODUTIVA (1),CELLULAR.COM (1),LNJ9 - CELLULAR.COM,51.0,Somente sabado (1),0.316223,0.696849,0.007978,0.195969,4355.33,,11.0,10.0,1.0,9.0,287.0,287.0,0.9,1,1,0,155.0,155.0,0.0,155.0,155.0,12.0,12.0,SERRA AZUL,155.0,BAIXA,LNJ9,CELLULAR.COM,C16,51.0,PRODUTIVA,Somente sabado,ANALISAR CAPACIDADE
3552205,SOROCABA,710854,Acima de 300k,Oeste,-23.4969,-47.4451,5,2,3,C16 (5),"PRODUTIVA (4), IMPRODUTIVA (1)","HS TELECOM (3), CELLULAR.COM (2)",RUCT - CELLULAR.COM; 65MC - HS TELECOM; PT9H - HS TELECOM; PT9G - HS TELECOM; I28W - CELLULAR.COM,76.0,"Sabado e domingo (3), Somente sabado (2)",0.431541,0.407392,0.245838,0.471879,129548.67,40049.0,5443.0,4921.0,522.0,2218.0,2481.0,496.2,0.450721,2,1,1,40340.0,291.0,40049.0,58.2,8068.0,17.5,17.5,ARACOIABA DA SERRA,291.0,BAIXA,RUCT,CELLULAR.COM,C16,90.0,PRODUTIVA,Sabado e domingo,ANALISAR CAPACIDADE
3552403,SUMARE,297054,De 100k a 299k,Central,-22.8204,-47.2728,2,2,0,C16 (2),PRODUTIVA (2),DOM BARRETO (2),TOJ0 - DOM BARRETO; E7UC - DOM BARRETO,34.0,Somente sabado (2),0.183377,0.431638,0.298768,0.360306,17230.67,47648.0,16.0,14.0,2.0,13.0,810.0,405.0,0.928571,1,0,1,47648.0,0.0,47648.0,0.0,23824.0,0.0,0.0,SUMARE,47648.0,BAIXA,TOJ0,DOM BARRETO,C16,40.0,PRODUTIVA,Somente sabado,ANALISAR CAPACIDADE
3554003,TATUI,126378,De 100k a 299k,Sudeste,-23.3487,-47.8461,1,1,0,C16 (1),PRODUTIVA (1),CELLULAR.COM (1),NIMT - CELLULAR.COM,36.0,Somente sabado (1),0.209109,0.288922,0.111319,0.649714,10456.67,23892.0,1937.0,1893.0,44.0,636.0,496.0,496.0,0.335975,5,4,1,34426.0,10534.0,23892.0,10534.0,34426.0,33.9,20.0,CAPELA DO ALTO,5550.0,ALTA,NIMT,CELLULAR.COM,C16,36.0,PRODUTIVA,Somente sabado,ANALISAR CAPACIDADE
3554102,TAUBATE,326394,Acima de 300k,Vale/Litoral,-23.0104,-45.5593,3,2,1,C16 (3),"PRODUTIVA (2), ATENCAO (1)",CELLULAR.COM (3),5MEN - CELLULAR.COM; 8MCU - CELLULAR.COM; 3U6T - CELLULAR.COM,62.3,"Somente sabado (2), Sabado e domingo (1)",0.343001,0.466932,0.325664,0.392931,42407.0,16034.0,1480.0,1459.0,21.0,1156.0,833.0,277.7,0.792324,1,0,1,16034.0,0.0,16034.0,0.0,5344.7,0.0,0.0,TAUBATE,16034.0,BAIXA,5MEN,CELLULAR.COM,C16,90.0,PRODUTIVA,Somente sabado,ANALISAR CAPACIDADE
3554508,TIETE,43773,De 30k a 49k,Oeste,-23.1101,-47.7164,1,1,0,C16 (1),PRODUTIVA (1),ADESIENE (1),XTHG - ADESIENE,50.0,Somente sabado (1),0.118532,0.352,0.179688,0.618117,1787.33,5476.0,24.0,23.0,1.0,10.0,154.0,154.0,0.434783,3,2,1,8733.0,3257.0,5476.0,3257.0,8733.0,14.0,13.4,LARANJAL PAULISTA,2934.0,BAIXA,XTHG,ADESIENE,C16,50.0,PRODUTIVA,Somente sabado,ANALISAR CAPACIDADE
3554805,TREMEMBE,49225,De 30k a 49k,Sudeste,-22.9571,-45.5475,1,1,0,C16 (1),PRODUTIVA (1),CELLULAR.COM (1),57HL - CELLULAR.COM,18.0,Somente sabado (1),0.412763,0.543201,0.171963,0.383109,6216.0,1048.0,21.0,19.0,2.0,15.0,252.0,252.0,0.789474,1,0,1,1048.0,0.0,1048.0,0.0,1048.0,0.0,0.0,TREMEMBE,1048.0,BAIXA,57HL,CELLULAR.COM,C16,18.0,PRODUTIVA,Somente sabado,ANALISAR CAPACIDADE
3556206,VALINHOS,137041,De 100k a 299k,Central,-22.9698,-46.9974,2,1,1,"C11 (1), C16 (1)","PRODUTIVA (1), IMPRODUTIVA (1)",HS TELECOM (2),50L4 - HS TELECOM; N8J5 - HS TELECOM,40.2,"Somente sabado (1), Sabado e domingo (1)",0.333364,0.487755,0.470354,0.396881,18146.33,6780.0,1196.0,1176.0,20.0,628.0,651.0,325.5,0.534014,1,0,1,6780.0,0.0,6780.0,0.0,3390.0,0.0,0.0,VALINHOS,6780.0,BAIXA,50L4,HS TELECOM,C11,42.2,PRODUTIVA,Somente sabado,ANALISAR CAPACIDADE
3556701,VINHEDO,84318,De 50k a 99k,Central,-23.0302,-46.9833,1,1,0,C16 (1),PRODUTIVA (1),HS TELECOM (1),508N - HS TELECOM,30.4,Somente sabado (1),0.104456,0.407812,0.52364,0.477347,3246.33,4033.0,542.0,536.0,6.0,479.0,337.0,337.0,0.893657,2,1,1,5558.0,1525.0,4033.0,1525.0,5558.0,7.1,7.1,LOUVEIRA,1525.0,BAIXA,508N,HS TELECOM,C16,30.4,PRODUTIVA,Somente sabado,ANALISAR CAPACIDADE
3557006,VOTORANTIM,126102,De 100k a 299k,Oeste,-23.5446,-47.4388,1,0,1,C16 (1),PRODUTIVA (1),HS TELECOM (1),PT5E - HS TELECOM,50.0,Sabado e domingo (1),0.245667,0.336879,0.222886,0.58976,11952.0,4879.0,32.0,25.0,7.0,14.0,284.0,284.0,0.56,1,0,1,4879.0,0.0,4879.0,0.0,4879.0,0.0,0.0,VOTORANTIM,4879.0,BAIXA,PT5E,HS TELECOM,C16,50.0,PRODUTIVA,Sabado e domingo,ANALISAR CAPACIDADE
